ImageId,PredictedLabel,TrueLabel
1,33,33
2,0,0
3,26,26
4,0,0
5,28,28
6,34,34
7,23,23
8,5,5
9,12,12
10,16,16
11,20,20
12,2,2
13,12,12
14,3,3
15,26,26
16,23,23
17,16,16
18,17,17
19,6,6
20,31,31
21,22,22
22,3,3
23,24,24
24,20,20
25,24,24
26,26,26
27,12,12
28,3,3
29,3,3
30,9,9
31,10,10
32,11,11
33,15,15
34,19,19
35,21,21
36,18,18
37,17,17
38,25,25
39,20,20
40,12,12
41,12,12
42,22,22
43,25,25
44,17,17
45,29,29
46,7,7
47,14,14
48,11,11
49,10,10
50,11,11
51,14,14
52,18,18
53,27,27
54,1,1
55,14,14
56,14,14
57,0,0
58,4,4
59,9,9
60,34,34
61,4,4
62,29,29
63,20,20
64,20,20
65,29,29
66,4,4
67,2,2
68,34,34
69,1,1
70,9,9
71,23,23
72,21,21
73,20,20
74,23,23
75,9,9
76,7,7
77,25,25
78,23,23
79,9,9
80,10,10
81,13,13
82,11,11
83,8,8
84,21,21
85,33,33
86,13,13
87,1,1
88,6,6
89,6,6
90,5,5
91,31,31
92,8,8
93,28,28
94,31,31
95,1,1
96,15,15
97,15,15
98,3,3
99,12,12
100,34,34
101,10,10
102,29,29
103,6,6
104,1,1
105,12,12
106,6,6
107,13,13
108,12,12
109,11,11
110,21,21
111,25,25
112,5,5
113,11,11
114,20,20
115,0,0
116,2,2
117,5,5
118,13,13
119,30,30
120,31,31
121,18,18
122,13,13
123,23,23
124,22,22
125,13,13
126,21,21
127,20,20
128,27,27
129,8,8
130,1,1
131,28,28
132,12,12
133,6,6
134,8,8
135,23,23
136,27,27
137,17,17
138,11,11
139,20,20
140,13,13
141,25,25
142,0,0
143,22,22
144,13,13
145,2,2
146,27,27
147,26,26
148,8,8
149,1,1
150,0,0
151,18,18
152,29,29
153,3,3
154,25,25
155,34,34
156,3,3
157,18,18
158,6,6
159,9,9
160,27,27
161,26,26
162,8,8
163,9,9
164,16,16
165,11,11
166,11,11
167,9,9
168,17,17
169,26,26
170,20,20
171,5,5
172,15,15
173,15,15
174,13,13
175,12,12
176,7,7
177,26,26
178,16,16
179,12,12
180,32,32
181,18,18
182,8,8
183,34,34
184,21,21
185,17,17
186,14,14
187,32,32
188,8,8
189,28,28
190,27,27
191,20,20
192,9,9
193,27,27
194,4,4
195,32,32
196,30,30
197,1,1
198,17,17
199,6,6
200,32,32
201,16,16
202,8,8
203,30,30
204,16,16
205,4,4
206,27,27
207,25,25
208,24,24
209,11,11
210,29,29
211,2,2
212,3,3
213,24,24
214,8,8
215,14,14
216,3,3
217,6,6
218,12,12
219,15,15
220,2,2
221,24,24
222,31,31
223,14,14
224,28,28
225,28,28
226,25,25
227,19,19
228,24,24
229,20,20
230,1,1
231,32,32
232,8,8
233,33,33
234,5,5
235,23,23
236,8,8
237,2,2
238,13,13
239,4,4
240,3,3
241,14,14
242,26,26
243,25,25
244,25,25
245,18,18
246,27,27
247,6,6
248,25,25
249,30,30
250,10,10
251,33,33
252,25,25
253,17,17
254,13,13
255,21,21
256,25,25
257,23,23
258,22,22
259,5,5
260,16,16
261,28,28
262,26,26
263,18,18
264,7,7
265,14,14
266,14,14
267,23,23
268,8,8
269,19,19
270,24,24
271,15,15
272,32,32
273,0,0
274,30,30
275,19,19
276,30,30
277,11,11
278,18,18
279,24,24
280,24,24
281,33,33
282,24,24
283,0,0
284,18,18
285,7,7
286,17,17
287,9,9
288,30,30
289,19,19
290,19,19
291,6,6
292,5,5
293,24,24
294,20,20
295,29,29
296,33,33
297,7,7
298,0,0
299,19,19
300,34,34
301,33,33
302,32,32
303,10,10
304,14,14
305,8,8
306,26,26
307,9,9
308,32,32
309,21,21
310,22,22
311,20,20
312,10,10
313,0,0
314,0,0
315,7,7
316,3,3
317,6,6
318,27,27
319,23,23
320,22,22
321,7,7
322,27,27
323,17,17
324,26,26
325,19,19
326,19,19
327,8,8
328,30,30
329,24,24
330,24,24
331,6,6
332,2,2
333,19,19
334,17,17
335,18,18
336,30,30
337,20,20
338,12,12
339,16,16
340,18,18
341,11,11
342,24,24
343,19,19
344,11,11
345,6,6
346,29,29
347,9,9
348,14,14
349,12,12
350,29,29
351,24,24
352,4,4
353,8,8
354,10,10
355,13,13
356,29,29
357,29,29
358,13,13
359,27,27
360,19,19
361,22,22
362,6,6
363,1,1
364,9,9
365,27,27
366,0,0
367,26,26
368,24,24
369,33,33
370,34,34
371,24,24
372,5,5
373,10,10
374,28,28
375,8,8
376,16,16
377,13,13
378,12,12
379,19,19
380,34,34
381,4,4
382,27,27
383,9,9
384,20,20
385,31,31
386,8,8
387,30,30
388,18,18
389,20,20
390,3,3
391,31,31
392,0,0
393,21,21
394,1,1
395,32,32
396,8,8
397,14,14
398,23,23
399,14,14
400,15,15
401,16,16
402,13,13
403,29,29
404,34,34
405,29,29
406,8,8
407,3,3
408,16,16
409,4,4
410,5,5
411,32,32
412,29,29
413,8,8
414,23,23
415,29,29
416,5,5
417,33,33
418,0,0
419,15,15
420,30,30
421,25,25
422,33,33
423,9,9
424,30,30
425,7,7
426,32,32
427,14,14
428,27,27
429,20,20
430,16,16
431,14,14
432,21,21
433,12,12
434,19,19
435,10,10
436,27,27
437,0,0
438,29,29
439,16,16
440,32,32
441,9,9
442,1,1
443,5,5
444,20,20
445,13,13
446,14,14
447,11,11
448,1,1
449,21,21
450,15,15
451,23,23
452,16,16
453,23,23
454,30,30
455,14,14
456,29,29
457,16,16
458,15,15
459,5,5
460,25,25
461,29,29
462,22,22
463,33,33
464,22,22
465,12,12
466,12,12
467,2,2
468,23,23
469,28,28
470,4,4
471,12,12
472,18,18
473,30,30
474,29,29
475,28,28
476,28,28
477,12,12
478,8,8
479,32,32
480,19,19
481,12,12
482,34,34
483,25,25
484,7,7
485,13,13
486,10,10
487,0,0
488,6,6
489,14,14
490,4,4
491,34,34
492,16,16
493,29,29
494,6,6
495,25,25
496,23,23
497,25,25
498,4,4
499,31,31
500,10,10
501,20,20
502,14,14
503,24,24
504,31,31
505,1,1
506,25,25
507,6,6
508,5,5
509,23,23
510,15,15
511,34,34
512,7,7
513,21,21
514,28,28
515,3,3
516,29,29
517,5,5
518,9,9
519,20,20
520,21,21
521,7,7
522,22,22
523,14,14
524,6,6
525,34,34
526,15,15
527,10,10
528,12,12
529,17,17
530,3,3
531,1,1
532,7,7
533,0,0
534,0,0
535,23,23
536,21,21
537,5,5
538,27,27
539,26,26
540,1,1
541,27,27
542,8,8
543,23,23
544,24,24
545,4,4
546,1,1
547,17,17
548,31,31
549,21,21
550,22,22
551,2,2
552,13,13
553,32,32
554,28,28
555,3,3
556,19,19
557,7,7
558,12,12
559,14,14
560,2,2
561,3,3
562,16,16
563,0,0
564,16,16
565,16,16
566,21,21
567,30,30
568,29,29
569,2,2
570,14,14
571,3,3
572,10,10
573,28,28
574,27,27
575,11,11
576,12,12
577,16,16
578,20,20
579,27,27
580,4,4
581,32,32
582,14,14
583,22,22
584,9,9
585,11,11
586,11,11
587,29,29
588,13,13
589,11,11
590,15,15
591,14,14
592,24,24
593,33,33
594,19,19
595,34,34
596,19,19
597,33,33
598,2,2
599,18,18
600,3,3
601,8,8
602,4,4
603,23,23
604,23,23
605,1,1
606,19,19
607,34,34
608,18,18
609,22,22
610,5,5
611,32,32
612,8,8
613,16,16
614,18,18
615,32,32
616,20,20
617,4,4
618,31,31
619,28,28
620,27,27
621,13,13
622,7,7
623,15,15
624,8,8
625,21,21
626,13,13
627,22,22
628,8,8
629,26,26
630,30,30
631,6,6
632,26,26
633,4,4
634,12,12
635,24,24
636,31,31
637,13,13
638,28,28
639,31,31
640,26,26
641,15,15
642,19,19
643,2,2
644,32,32
645,2,2
646,20,20
647,30,30
648,31,31
649,13,13
650,17,17
651,7,7
652,20,20
653,33,33
654,4,4
655,24,24
656,30,30
657,21,21
658,26,26
659,9,9
660,19,19
661,22,22
662,15,15
663,29,29
664,29,29
665,13,13
666,10,10
667,11,11
668,1,1
669,10,10
670,7,7
671,30,30
672,9,9
673,13,13
674,5,5
675,10,10
676,3,3
677,27,27
678,13,13
679,25,25
680,30,30
681,18,18
682,11,11
683,13,13
684,20,20
685,34,34
686,10,10
687,22,22
688,27,27
689,32,32
690,17,17
691,21,21
692,2,2
693,31,31
694,20,20
695,33,33
696,1,1
697,3,3
698,11,11
699,3,3
700,20,20
701,32,32
702,7,7
703,28,28
704,18,18
705,6,6
706,32,32
707,12,12
708,10,10
709,33,33
710,31,31
711,11,11
712,33,33
713,34,34
714,28,28
715,5,5
716,21,21
717,2,2
718,23,23
719,25,25
720,26,26
721,31,31
722,11,11
723,7,7
724,20,20
725,4,4
726,18,18
727,2,2
728,28,28
729,0,0
730,25,25
731,15,15
732,6,6
733,25,25
734,13,13
735,17,17
736,9,9
737,4,4
738,28,28
739,10,10
740,25,25
741,25,25
742,18,18
743,6,6
744,27,27
745,31,31
746,26,26
747,0,0
748,12,12
749,24,24
750,8,8
751,15,15
752,28,28
753,12,12
754,22,22
755,1,1
756,27,27
757,7,7
758,22,22
759,8,8
760,16,16
761,5,5
762,0,0
763,24,24
764,30,30
765,33,33
766,27,27
767,31,31
768,5,5
769,9,9
770,31,31
771,0,0
772,1,1
773,3,3
774,10,10
775,10,10
776,21,21
777,24,24
778,5,5
779,0,0
780,31,31
781,9,9
782,25,25
783,24,24
784,18,18
785,29,29
786,12,12
787,8,8
788,23,23
789,7,7
790,17,17
791,30,30
792,3,3
793,12,12
794,6,6
795,15,15
796,14,14
797,27,27
798,30,30
799,8,8
800,19,19
801,7,7
802,0,0
803,32,32
804,23,23
805,34,34
806,27,27
807,6,6
808,20,20
809,8,8
810,0,0
811,28,28
812,33,33
813,24,24
814,31,31
815,7,7
816,16,16
817,15,15
818,15,15
819,19,19
820,4,4
821,14,14
822,9,9
823,19,19
824,2,2
825,16,16
826,19,19
827,9,9
828,29,29
829,9,9
830,0,0
831,17,17
832,32,32
833,24,24
834,13,13
835,2,2
836,26,26
837,0,0
838,32,32
839,32,32
840,29,29
841,17,17
842,5,5
843,9,9
844,22,22
845,13,13
846,28,28
847,3,3
848,11,11
849,13,13
850,24,24
851,29,29
852,12,12
853,24,24
854,8,8
855,2,2
856,33,33
857,23,23
858,12,12
859,12,12
860,3,3
861,7,7
862,14,14
863,20,20
864,28,28
865,32,32
866,2,2
867,22,22
868,22,22
869,34,34
870,32,32
871,16,16
872,9,9
873,22,22
874,13,13
875,19,19
876,6,6
877,29,29
878,34,34
879,25,25
880,11,11
881,2,2
882,8,8
883,12,12
884,0,0
885,33,33
886,26,26
887,13,13
888,10,10
889,34,34
890,1,1
891,30,30
892,28,28
893,13,13
894,23,23
895,22,22
896,19,19
897,11,11
898,15,15
899,26,26
900,10,10
901,20,20
902,15,15
903,23,23
904,3,3
905,22,22
906,17,17
907,13,13
908,11,11
909,18,18
910,29,29
911,25,25
912,8,8
913,25,25
914,17,17
915,6,6
916,24,24
917,0,0
918,27,27
919,33,33
920,19,19
921,34,34
922,7,7
923,2,2
924,10,10
925,10,10
926,5,5
927,20,20
928,28,28
929,3,3
930,27,27
931,5,5
932,23,23
933,20,20
934,11,11
935,6,6
936,1,1
937,6,6
938,32,32
939,18,18
940,25,25
941,14,14
942,12,12
943,22,22
944,4,4
945,30,30
946,4,4
947,14,14
948,3,3
949,1,1
950,21,21
951,30,30
952,30,30
953,5,5
954,14,14
955,2,2
956,27,27
957,19,19
958,5,5
959,21,21
960,27,27
961,31,31
962,28,28
963,32,32
964,22,22
965,5,5
966,28,28
967,26,26
968,32,32
969,5,5
970,1,1
971,7,7
972,30,30
973,27,27
974,33,33
975,33,33
976,12,12
977,14,14
978,6,6
979,4,4
980,19,19
981,1,1
982,5,5
983,33,33
984,11,11
985,6,6
986,14,14
987,22,22
988,23,23
989,24,24
990,30,30
991,10,10
992,20,20
993,2,2
994,23,23
995,33,33
996,27,27
997,34,34
998,25,25
999,21,21
1000,12,12
1001,0,0
1002,34,34
1003,15,15
1004,9,9
1005,26,26
1006,19,19
1007,30,30
1008,6,6
1009,20,20
1010,17,17
1011,14,14
1012,0,0
1013,0,0
1014,1,1
1015,25,25
1016,34,34
1017,16,16
1018,9,9
1019,14,14
1020,3,3
1021,0,0
1022,14,14
1023,25,25
1024,19,19
1025,14,14
1026,24,24
1027,4,4
1028,5,5
1029,4,4
1030,26,26
1031,34,34
1032,32,32
1033,24,24
1034,34,34
1035,21,21
1036,9,9
1037,21,21
1038,6,6
1039,6,6
1040,22,22
1041,33,33
1042,2,2
1043,20,20
1044,30,30
1045,9,9
1046,1,1
1047,2,2
1048,5,5
1049,15,15
1050,14,14
1051,7,7
1052,18,18
1053,11,11
1054,1,1
1055,11,11
1056,19,19
1057,32,32
1058,31,31
1059,15,15
1060,12,12
1061,7,7
1062,10,10
1063,31,31
1064,4,4
1065,16,16
1066,16,16
1067,1,1
1068,4,4
1069,21,21
1070,7,7
1071,11,11
1072,16,16
1073,26,26
1074,29,29
1075,11,11
1076,3,3
1077,4,4
1078,25,25
1079,20,20
1080,4,4
1081,14,14
1082,8,8
1083,22,22
1084,21,21
1085,33,33
1086,0,0
1087,11,11
1088,16,16
1089,3,3
1090,27,27
1091,26,26
1092,6,6
1093,26,26
1094,15,15
1095,2,2
1096,13,13
1097,7,7
1098,23,23
1099,9,9
1100,30,30
1101,4,4
1102,20,20
1103,15,15
1104,0,0
1105,26,26
1106,26,26
1107,9,9
1108,14,14
1109,34,34
1110,0,0
1111,16,16
1112,6,6
1113,11,11
1114,21,21
1115,29,29
1116,9,9
1117,0,0
1118,1,1
1119,28,28
1120,12,12
1121,15,15
1122,32,32
1123,29,29
1124,19,19
1125,24,24
1126,15,15
1127,31,31
1128,21,21
1129,33,33
1130,10,10
1131,17,17
1132,5,5
1133,22,22
1134,25,25
1135,25,25
1136,28,28
1137,12,12
1138,17,17
1139,27,27
1140,24,24
1141,11,11
1142,22,22
1143,23,23
1144,4,4
1145,4,4
1146,21,21
1147,14,14
1148,30,30
1149,9,9
1150,19,19
1151,16,16
1152,27,27
1153,32,32
1154,5,5
1155,2,2
1156,4,4
1157,7,7
1158,3,3
1159,1,1
1160,0,0
1161,21,21
1162,29,29
1163,12,12
1164,1,1
1165,16,16
1166,28,28
1167,21,21
1168,29,29
1169,17,17
1170,10,10
1171,33,33
1172,14,14
1173,0,0
1174,15,15
1175,7,7
1176,18,18
1177,26,26
1178,14,14
1179,31,31
1180,22,22
1181,33,33
1182,11,11
1183,8,8
1184,21,21
1185,11,11
1186,18,18
1187,30,30
1188,13,13
1189,19,19
1190,5,5
1191,17,17
1192,14,14
1193,11,11
1194,30,30
1195,15,15
1196,33,33
1197,4,4
1198,29,29
1199,9,9
1200,31,31
1201,5,5
1202,19,19
1203,30,30
1204,9,9
1205,34,34
1206,32,32
1207,23,23
1208,8,8
1209,12,12
1210,25,25
1211,4,4
1212,4,4
1213,26,26
1214,1,1
1215,19,19
1216,11,11
1217,4,4
1218,20,20
1219,6,6
1220,20,20
1221,0,0
1222,34,34
1223,27,27
1224,8,8
1225,4,4
1226,0,0
1227,28,28
1228,23,23
1229,24,24
1230,10,10
1231,20,20
1232,7,7
1233,32,32
1234,7,7
1235,33,33
1236,29,29
1237,13,13
1238,11,11
1239,15,15
1240,32,32
1241,23,23
1242,6,6
1243,11,11
1244,23,23
1245,32,32
1246,5,5
1247,20,20
1248,7,7
1249,5,5
1250,17,17
1251,16,16
1252,30,30
1253,5,5
1254,1,1
1255,2,2
1256,5,5
1257,9,9
1258,15,15
1259,28,28
1260,10,10
1261,30,30
1262,6,6
1263,25,25
1264,0,0
1265,2,2
1266,7,7
1267,29,29
1268,19,19
1269,8,8
1270,24,24
1271,30,30
1272,21,21
1273,14,14
1274,25,25
1275,13,13
1276,19,19
1277,7,7
1278,30,30
1279,21,21
1280,20,20
1281,6,6
1282,8,8
1283,22,22
1284,18,18
1285,17,17
1286,34,34
1287,32,32
1288,33,33
1289,31,31
1290,30,30
1291,1,1
1292,17,17
1293,21,21
1294,12,12
1295,3,3
1296,17,17
1297,24,24
1298,14,14
1299,13,13
1300,12,12
1301,3,3
1302,17,17
1303,29,29
1304,17,17
1305,2,2
1306,8,8
1307,24,24
1308,18,18
1309,8,8
1310,8,8
1311,10,10
1312,13,13
1313,18,18
1314,34,34
1315,32,32
1316,27,27
1317,27,27
1318,26,26
1319,12,12
1320,12,12
1321,17,17
1322,19,19
1323,7,7
1324,1,1
1325,18,18
1326,22,22
1327,6,6
1328,10,10
1329,28,28
1330,27,27
1331,6,6
1332,30,30
1333,15,15
1334,6,6
1335,1,1
1336,12,12
1337,6,6
1338,10,10
1339,10,10
1340,23,23
1341,24,24
1342,22,22
1343,6,6
1344,17,17
1345,11,11
1346,18,18
1347,8,8
1348,11,11
1349,28,28
1350,4,4
1351,10,10
1352,17,17
1353,8,8
1354,23,23
1355,29,29
1356,13,13
1357,31,31
1358,27,27
1359,31,31
1360,0,0
1361,9,9
1362,19,19
1363,16,16
1364,15,15
1365,19,19
1366,18,18
1367,7,7
1368,17,17
1369,26,26
1370,13,13
1371,25,25
1372,32,32
1373,8,8
1374,22,22
1375,1,1
1376,31,31
1377,11,11
1378,24,24
1379,6,6
1380,7,7
1381,28,28
1382,18,18
1383,6,6
1384,33,33
1385,33,33
1386,19,19
1387,6,6
1388,16,16
1389,1,1
1390,27,27
1391,27,27
1392,26,26
1393,14,14
1394,13,13
1395,20,20
1396,30,30
1397,28,28
1398,30,30
1399,9,9
1400,11,11
1401,29,29
1402,2,2
1403,15,15
1404,9,9
1405,30,30
1406,26,26
1407,15,15
1408,21,21
1409,11,11
1410,19,19
1411,30,30
1412,21,21
1413,1,1
1414,7,7
1415,22,22
1416,16,16
1417,6,6
1418,10,10
1419,21,21
1420,17,17
1421,9,9
1422,4,4
1423,17,17
1424,4,4
1425,17,17
1426,1,1
1427,7,7
1428,5,5
1429,21,21
1430,13,13
1431,29,29
1432,3,3
1433,24,24
1434,6,6
1435,20,20
1436,18,18
1437,15,15
1438,6,6
1439,25,25
1440,28,28
1441,8,8
1442,20,20
1443,2,2
1444,30,30
1445,33,33
1446,20,20
1447,10,10
1448,2,2
1449,25,25
1450,24,24
1451,27,27
1452,2,2
1453,19,19
1454,17,17
1455,17,17
1456,0,0
1457,23,23
1458,16,16
1459,14,14
1460,3,3
1461,29,29
1462,28,28
1463,21,21
1464,16,16
1465,1,1
1466,7,7
1467,17,17
1468,28,28
1469,16,16
1470,6,6
1471,24,24
1472,5,5
1473,9,9
1474,5,5
1475,9,9
1476,25,25
1477,6,6
1478,17,17
1479,24,24
1480,2,2
1481,16,16
1482,8,8
1483,26,26
1484,29,29
1485,24,24
1486,23,23
1487,13,13
1488,5,5
1489,4,4
1490,4,4
1491,4,4
1492,9,9
1493,0,0
1494,27,27
1495,33,33
1496,17,17
1497,28,28
1498,11,11
1499,19,19
1500,12,12
1501,7,7
1502,12,12
1503,23,23
1504,10,10
1505,27,27
1506,5,5
1507,20,20
1508,31,31
1509,33,33
1510,30,30
1511,21,21
1512,6,6
1513,9,9
1514,32,32
1515,9,9
1516,25,25
1517,27,27
1518,8,8
1519,15,15
1520,31,31
1521,12,12
1522,20,20
1523,25,25
1524,18,18
1525,5,5
1526,7,7
1527,7,7
1528,18,18
1529,3,3
1530,22,22
1531,6,6
1532,23,23
1533,3,3
1534,32,32
1535,34,34
1536,11,11
1537,31,31
1538,1,1
1539,19,19
1540,5,5
1541,0,0
1542,34,34
1543,1,1
1544,18,18
1545,27,27
1546,28,28
1547,19,19
1548,26,26
1549,33,33
1550,25,25
1551,25,25
1552,29,29
1553,17,17
1554,16,16
1555,10,10
1556,13,13
1557,16,16
1558,5,5
1559,31,31
1560,25,25
1561,6,6
1562,33,33
1563,14,14
1564,19,19
1565,28,28
1566,28,28
1567,23,23
1568,11,11
1569,6,6
1570,34,34
1571,5,5
1572,5,5
1573,27,27
1574,1,1
1575,28,28
1576,20,20
1577,1,1
1578,19,19
1579,30,30
1580,34,34
1581,19,19
1582,33,33
1583,24,24
1584,21,21
1585,19,19
1586,34,34
1587,12,12
1588,31,31
1589,18,18
1590,34,34
1591,29,29
1592,26,26
1593,0,0
1594,24,24
1595,11,11
1596,8,8
1597,6,6
1598,9,9
1599,21,21
1600,12,12
1601,0,0
1602,1,1
1603,15,15
1604,21,21
1605,9,9
1606,5,5
1607,12,12
1608,34,34
1609,2,2
1610,9,9
1611,34,34
1612,6,6
1613,33,33
1614,26,26
1615,9,9
1616,27,27
1617,7,7
1618,32,32
1619,24,24
1620,15,15
1621,8,8
1622,8,8
1623,3,3
1624,24,24
1625,29,29
1626,26,26
1627,23,23
1628,2,2
1629,9,9
1630,3,3
1631,4,4
1632,24,24
1633,27,27
1634,15,15
1635,21,21
1636,4,4
1637,5,5
1638,9,9
1639,2,2
1640,12,12
1641,27,27
1642,19,19
1643,25,25
1644,31,31
1645,18,18
1646,10,10
1647,11,11
1648,31,31
1649,5,5
1650,2,2
1651,20,20
1652,9,9
1653,23,23
1654,26,26
1655,25,25
1656,11,11
1657,15,15
1658,23,23
1659,9,9
1660,17,17
1661,32,32
1662,7,7
1663,18,18
1664,12,12
1665,24,24
1666,9,9
1667,14,14
1668,20,20
1669,7,7
1670,31,31
1671,23,23
1672,12,12
1673,28,28
1674,18,18
1675,3,3
1676,34,34
1677,14,14
1678,16,16
1679,5,5
1680,24,24
1681,32,32
1682,0,0
1683,16,16
1684,34,34
1685,20,20
1686,28,28
1687,8,8
1688,2,2
1689,6,6
1690,5,5
1691,17,17
1692,11,11
1693,6,6
1694,6,6
1695,25,25
1696,3,3
1697,8,8
1698,20,20
1699,16,16
1700,13,13
1701,29,29
1702,15,15
1703,14,14
1704,17,17
1705,17,17
1706,27,27
1707,0,0
1708,16,16
1709,26,26
1710,9,9
1711,32,32
1712,27,27
1713,18,18
1714,21,21
1715,14,14
1716,9,9
1717,26,26
1718,1,1
1719,13,13
1720,7,7
1721,11,11
1722,4,4
1723,17,17
1724,4,4
1725,9,9
1726,7,7
1727,2,2
1728,9,9
1729,18,18
1730,23,23
1731,9,9
1732,18,18
1733,34,34
1734,4,4
1735,25,25
1736,26,26
1737,22,22
1738,17,17
1739,16,16
1740,2,2
1741,24,24
1742,8,8
1743,4,4
1744,1,1
1745,9,9
1746,23,23
1747,21,21
1748,5,5
1749,26,26
1750,8,8
1751,17,17
1752,26,26
1753,7,7
1754,15,15
1755,10,10
1756,26,26
1757,30,30
1758,19,19
1759,13,13
1760,21,21
1761,0,0
1762,33,33
1763,16,16
1764,26,26
1765,30,30
1766,7,7
1767,14,14
1768,24,24
1769,6,6
1770,21,21
1771,15,15
1772,23,23
1773,24,24
1774,16,16
1775,14,14
1776,27,27
1777,17,17
1778,0,0
1779,32,32
1780,12,12
1781,10,10
1782,23,23
1783,31,31
1784,2,2
1785,22,22
1786,20,20
1787,6,6
1788,1,1
1789,5,5
1790,30,30
1791,16,16
1792,1,1
1793,33,33
1794,16,16
1795,25,25
1796,29,29
1797,15,15
1798,28,28
1799,7,7
1800,13,13
1801,25,25
1802,16,16
1803,33,33
1804,27,27
1805,21,21
1806,11,11
1807,12,12
1808,24,24
1809,6,6
1810,25,25
1811,16,16
1812,18,18
1813,22,22
1814,0,0
1815,11,11
1816,6,6
1817,19,19
1818,27,27
1819,9,9
1820,7,7
1821,20,20
1822,13,13
1823,19,19
1824,10,10
1825,27,27
1826,34,34
1827,32,32
1828,33,33
1829,25,25
1830,4,4
1831,20,20
1832,25,25
1833,12,12
1834,3,3
1835,12,12
1836,30,30
1837,31,31
1838,0,0
1839,16,16
1840,15,15
1841,29,29
1842,30,30
1843,21,21
1844,3,3
1845,10,10
1846,19,19
1847,19,19
1848,5,5
1849,19,19
1850,4,4
1851,7,7
1852,30,30
1853,2,2
1854,32,32
1855,16,16
1856,16,16
1857,8,8
1858,21,21
1859,32,32
1860,0,0
1861,21,21
1862,13,13
1863,1,1
1864,9,9
1865,16,16
1866,10,10
1867,22,22
1868,14,14
1869,17,17
1870,2,2
1871,29,29
1872,15,15
1873,2,2
1874,5,5
1875,14,14
1876,34,34
1877,27,27
1878,12,12
1879,2,2
1880,34,34
1881,22,22
1882,9,9
1883,33,33
1884,2,2
1885,9,9
1886,1,1
1887,29,29
1888,4,4
1889,29,29
1890,5,5
1891,33,33
1892,33,33
1893,5,5
1894,24,24
1895,14,14
1896,22,22
1897,3,3
1898,34,34
1899,1,1
1900,25,25
1901,32,32
1902,24,24
1903,2,2
1904,20,20
1905,15,15
1906,20,20
1907,8,8
1908,7,7
1909,33,33
1910,11,11
1911,3,3
1912,17,17
1913,21,21
1914,1,1
1915,1,1
1916,28,28
1917,23,23
1918,12,12
1919,9,9
1920,34,34
1921,11,11
1922,32,32
1923,13,13
1924,2,2
1925,14,14
1926,4,4
1927,16,16
1928,30,30
1929,25,25
1930,0,0
1931,26,26
1932,20,20
1933,32,32
1934,28,28
1935,30,30
1936,10,10
1937,1,1
1938,30,30
1939,20,20
1940,33,33
1941,31,31
1942,30,30
1943,5,5
1944,31,31
1945,14,14
1946,33,33
1947,26,26
1948,27,27
1949,15,15
1950,0,0
1951,17,17
1952,0,0
1953,11,11
1954,22,22
1955,26,26
1956,7,7
1957,6,6
1958,14,14
1959,8,8
1960,32,32
1961,4,4
1962,1,1
1963,34,34
1964,2,2
1965,34,34
1966,9,9
1967,20,20
1968,8,8
1969,34,34
1970,30,30
1971,9,9
1972,28,28
1973,33,33
1974,32,32
1975,24,24
1976,22,22
1977,15,15
1978,10,10
1979,29,29
1980,10,10
1981,3,3
1982,4,4
1983,10,10
1984,1,1
1985,14,14
1986,33,33
1987,4,4
1988,10,10
1989,28,28
1990,13,13
1991,18,18
1992,4,4
1993,6,6
1994,16,16
1995,9,9
1996,19,19
1997,0,0
1998,10,10
1999,5,5
2000,21,21
2001,3,3
2002,12,12
2003,19,19
2004,33,33
2005,1,1
2006,34,34
2007,4,4
2008,20,20
2009,0,0
2010,8,8
2011,5,5
2012,16,16
2013,8,8
2014,30,30
2015,25,25
2016,26,26
2017,33,33
2018,21,21
2019,4,4
2020,19,19
2021,29,29
2022,21,21
2023,20,20
2024,33,33
2025,3,3
2026,6,6
2027,26,26
2028,5,5
2029,16,16
2030,25,25
2031,27,27
2032,25,25
2033,29,29
2034,1,1
2035,34,34
2036,22,22
2037,0,0
2038,0,0
2039,8,8
2040,2,2
2041,10,10
2042,16,16
2043,14,14
2044,20,20
2045,0,0
2046,8,8
2047,18,18
2048,7,7
2049,16,16
2050,19,19
2051,15,15
2052,33,33
2053,13,13
2054,0,0
2055,31,31
2056,31,31
2057,11,11
2058,1,1
2059,6,6
2060,22,22
2061,26,26
2062,22,22
2063,11,11
2064,31,31
2065,9,9
2066,21,21
2067,0,0
2068,17,17
2069,31,31
2070,28,28
2071,9,9
2072,17,17
2073,7,7
2074,19,19
2075,8,8
2076,27,27
2077,26,26
2078,15,15
2079,14,14
2080,17,17
2081,22,22
2082,2,2
2083,33,33
2084,11,11
2085,21,21
2086,11,11
2087,11,11
2088,7,7
2089,8,8
2090,28,28
2091,7,7
2092,18,18
2093,20,20
2094,28,28
2095,18,18
2096,18,18
2097,25,25
2098,2,2
2099,25,25
2100,12,12
2101,26,26
2102,31,31
2103,17,17
2104,3,3
2105,28,28
2106,25,25
2107,31,31
2108,15,15
2109,28,28
2110,4,4
2111,15,15
2112,5,5
2113,2,2
2114,27,27
2115,18,18
2116,5,5
2117,27,27
2118,0,0
2119,1,1
2120,9,9
2121,23,23
2122,2,2
2123,16,16
2124,13,13
2125,5,5
2126,28,28
2127,10,10
2128,17,17
2129,16,16
2130,34,34
2131,8,8
2132,5,5
2133,23,23
2134,26,26
2135,29,29
2136,34,34
2137,9,9
2138,34,34
2139,24,24
2140,29,29
2141,34,34
2142,19,19
2143,21,21
2144,17,17
2145,28,28
2146,29,29
2147,32,32
2148,19,19
2149,18,18
2150,4,4
2151,20,20
2152,34,34
2153,21,21
2154,10,10
2155,24,24
2156,34,34
2157,28,28
2158,12,12
2159,15,15
2160,28,28
2161,14,14
2162,16,16
2163,1,1
2164,33,33
2165,20,20
2166,9,9
2167,12,12
2168,2,2
2169,25,25
2170,9,9
2171,2,2
2172,31,31
2173,26,26
2174,13,13
2175,12,12
2176,18,18
2177,22,22
2178,18,18
2179,0,0
2180,2,2
2181,12,12
2182,26,26
2183,11,11
2184,34,34
2185,30,30
2186,15,15
2187,16,16
2188,20,20
2189,0,0
2190,5,5
2191,25,25
2192,9,9
2193,3,3
2194,30,30
2195,19,19
2196,7,7
2197,3,3
2198,8,8
2199,15,15
2200,25,25
2201,11,11
2202,33,33
2203,29,29
2204,6,6
2205,13,13
2206,11,11
2207,32,32
2208,26,26
2209,21,21
2210,20,20
2211,5,5
2212,27,27
2213,14,14
2214,9,9
2215,0,0
2216,28,28
2217,9,9
2218,33,33
2219,17,17
2220,20,20
2221,21,21
2222,3,3
2223,18,18
2224,11,11
2225,20,20
2226,3,3
2227,24,24
2228,32,32
2229,16,16
2230,32,32
2231,30,30
2232,0,0
2233,3,3
2234,32,32
2235,8,8
2236,4,4
2237,17,17
2238,29,29
2239,19,19
2240,27,27
2241,18,18
2242,8,8
2243,15,15
2244,14,14
2245,26,26
2246,20,20
2247,25,25
2248,19,19
2249,31,31
2250,31,31
2251,17,17
2252,7,7
2253,5,5
2254,17,17
2255,7,7
2256,20,20
2257,16,16
2258,2,2
2259,26,26
2260,11,11
2261,27,27
2262,34,34
2263,22,22
2264,22,22
2265,4,4
2266,11,11
2267,16,16
2268,7,7
2269,34,34
2270,27,27
2271,19,19
2272,13,13
2273,34,34
2274,20,20
2275,15,15
2276,1,1
2277,15,15
2278,3,3
2279,26,26
2280,26,26
2281,23,23
2282,10,10
2283,28,28
2284,26,26
2285,12,12
2286,5,5
2287,17,17
2288,30,30
2289,26,26
2290,3,3
2291,16,16
2292,34,34
2293,14,14
2294,11,11
2295,29,29
2296,9,9
2297,8,8
2298,11,11
2299,5,5
2300,24,24
2301,14,14
2302,22,22
2303,18,18
2304,8,8
2305,19,19
2306,15,15
2307,29,29
2308,20,20
2309,6,6
2310,34,34
2311,34,34
2312,22,22
2313,10,10
2314,12,12
2315,2,2
2316,33,33
2317,18,18
2318,23,23
2319,6,6
2320,12,12
2321,2,2
2322,12,12
2323,24,24
2324,31,31
2325,8,8
2326,21,21
2327,19,19
2328,16,16
2329,28,28
2330,25,25
2331,25,25
2332,15,15
2333,10,10
2334,10,10
2335,18,18
2336,2,2
2337,23,23
2338,4,4
2339,13,13
2340,24,24
2341,19,19
2342,1,1
2343,3,3
2344,8,8
2345,4,4
2346,18,18
2347,21,21
2348,26,26
2349,10,10
2350,31,31
2351,6,6
2352,12,12
2353,17,17
2354,11,11
2355,4,4
2356,2,2
2357,5,5
2358,1,1
2359,12,12
2360,12,12
2361,25,25
2362,29,29
2363,27,27
2364,29,29
2365,32,32
2366,27,27
2367,6,6
2368,27,27
2369,34,34
2370,17,17
2371,32,32
2372,29,29
2373,20,20
2374,28,28
2375,2,2
2376,5,5
2377,26,26
2378,2,2
2379,24,24
2380,6,6
2381,16,16
2382,26,26
2383,24,24
2384,22,22
2385,24,24
2386,13,13
2387,21,21
2388,33,33
2389,20,20
2390,2,2
2391,17,17
2392,5,5
2393,25,25
2394,25,25
2395,10,10
2396,10,10
2397,14,14
2398,14,14
2399,9,9
2400,19,19
2401,22,22
2402,31,31
2403,18,18
2404,9,9
2405,18,18
2406,21,21
2407,21,21
2408,29,29
2409,17,17
2410,2,2
2411,14,14
2412,23,23
2413,2,2
2414,5,5
2415,19,19
2416,24,24
2417,17,17
2418,10,10
2419,3,3
2420,33,33
2421,15,15
2422,33,33
2423,7,7
2424,7,7
2425,25,25
2426,34,34
2427,22,22
2428,32,32
2429,28,28
2430,26,26
2431,21,21
2432,33,33
2433,1,1
2434,34,34
2435,12,12
2436,34,34
2437,18,18
2438,13,13
2439,27,27
2440,28,28
2441,27,27
2442,24,24
2443,28,28
2444,32,32
2445,27,27
2446,24,24
2447,20,20
2448,31,31
2449,31,31
2450,11,11
2451,7,7
2452,7,7
2453,2,2
2454,32,32
2455,13,13
2456,6,6
2457,32,32
2458,28,28
2459,29,29
2460,16,16
2461,12,12
2462,23,23
2463,18,18
2464,29,29
2465,17,17
2466,13,13
2467,23,23
2468,0,0
2469,4,4
2470,24,24
2471,29,29
2472,29,29
2473,25,25
2474,21,21
2475,29,29
2476,2,2
2477,12,12
2478,17,17
2479,4,4
2480,14,14
2481,6,6
2482,11,11
2483,23,23
2484,20,20
2485,26,26
2486,2,2
2487,1,1
2488,2,2
2489,14,14
2490,12,12
2491,24,24
2492,16,16
2493,16,16
2494,27,27
2495,20,20
2496,10,10
2497,7,7
2498,25,25
2499,20,20
2500,18,18
2501,15,15
2502,29,29
2503,15,15
2504,11,11
2505,26,26
2506,3,3
2507,17,17
2508,0,0
2509,19,19
2510,23,23
2511,3,3
2512,17,17
2513,4,4
2514,13,13
2515,16,16
2516,3,3
2517,12,12
2518,29,29
2519,8,8
2520,27,27
2521,6,6
2522,25,25
2523,26,26
2524,32,32
2525,14,14
2526,28,28
2527,25,25
2528,30,30
2529,17,17
2530,15,15
2531,3,3
2532,17,17
2533,27,27
2534,31,31
2535,20,20
2536,11,11
2537,3,3
2538,3,3
2539,11,11
2540,16,16
2541,30,30
2542,11,11
2543,20,20
2544,5,5
2545,34,34
2546,34,34
2547,31,31
2548,10,10
2549,0,0
2550,16,16
2551,24,24
2552,23,23
2553,15,15
2554,7,7
2555,9,9
2556,20,20
2557,19,19
2558,4,4
2559,2,2
2560,6,6
2561,22,22
2562,34,34
2563,29,29
2564,7,7
2565,0,0
2566,30,30
2567,26,26
2568,20,20
2569,33,33
2570,30,30
2571,28,28
2572,11,11
2573,0,0
2574,23,23
2575,2,2
2576,33,33
2577,3,3
2578,6,6
2579,34,34
2580,16,16
2581,12,12
2582,33,33
2583,8,8
2584,28,28
2585,1,1
2586,32,32
2587,4,4
2588,14,14
2589,33,33
2590,9,9
2591,31,31
2592,19,19
2593,14,14
2594,19,19
2595,4,4
2596,30,30
2597,0,0
2598,0,0
2599,7,7
2600,0,0
2601,13,13
2602,17,17
2603,3,3
2604,18,18
2605,27,27
2606,10,10
2607,9,9
2608,5,5
2609,17,17
2610,33,33
2611,33,33
2612,14,14
2613,6,6
2614,1,1
2615,27,27
2616,17,17
2617,29,29
2618,16,16
2619,18,18
2620,23,23
2621,24,24
2622,30,30
2623,23,23
2624,23,23
2625,12,12
2626,3,3
2627,0,0
2628,0,0
2629,28,28
2630,10,10
2631,25,25
2632,11,11
2633,5,5
2634,4,4
2635,6,6
2636,26,26
2637,30,30
2638,24,24
2639,25,25
2640,7,7
2641,26,26
2642,10,10
2643,1,1
2644,19,19
2645,9,9
2646,32,32
2647,22,22
2648,23,23
2649,1,1
2650,2,2
2651,2,2
2652,6,6
2653,1,1
2654,15,15
2655,8,8
2656,19,19
2657,25,25
2658,28,28
2659,14,14
2660,13,13
2661,27,27
2662,13,13
2663,14,14
2664,11,11
2665,12,12
2666,19,19
2667,23,23
2668,8,8
2669,16,16
2670,6,6
2671,11,11
2672,33,33
2673,15,15
2674,30,30
2675,1,1
2676,2,2
2677,31,31
2678,24,24
2679,15,15
2680,8,8
2681,12,12
2682,23,23
2683,3,3
2684,10,10
2685,19,19
2686,13,13
2687,20,20
2688,4,4
2689,13,13
2690,11,11
2691,13,13
2692,29,29
2693,11,11
2694,10,10
2695,34,34
2696,23,23
2697,18,18
2698,0,0
2699,9,9
2700,3,3
2701,31,31
2702,5,5
2703,10,10
2704,21,21
2705,4,4
2706,21,21
2707,29,29
2708,0,0
2709,9,9
2710,30,30
2711,0,0
2712,1,1
2713,7,7
2714,0,0
2715,34,34
2716,14,14
2717,19,19
2718,17,17
2719,1,1
2720,9,9
2721,21,21
2722,14,14
2723,9,9
2724,24,24
2725,2,2
2726,27,27
2727,4,4
2728,32,32
2729,22,22
2730,0,0
2731,12,12
2732,7,7
2733,5,5
2734,20,20
2735,11,11
2736,3,3
2737,23,23
2738,3,3
2739,20,20
2740,26,26
2741,19,19
2742,31,31
2743,0,0
2744,33,33
2745,12,12
2746,30,30
2747,25,25
2748,29,29
2749,26,26
2750,10,10
2751,28,28
2752,15,15
2753,34,34
2754,26,26
2755,34,34
2756,1,1
2757,5,5
2758,2,2
2759,18,18
2760,10,10
2761,8,8
2762,14,14
2763,11,11
2764,9,9
2765,25,25
2766,31,31
2767,19,19
2768,14,14
2769,26,26
2770,32,32
2771,3,3
2772,23,23
2773,31,31
2774,9,9
2775,22,22
2776,28,28
2777,22,22
2778,26,26
2779,31,31
2780,15,15
2781,18,18
2782,21,21
2783,25,25
2784,6,6
2785,12,12
2786,22,22
2787,15,15
2788,21,21
2789,9,9
2790,27,27
2791,15,15
2792,13,13
2793,3,3
2794,23,23
2795,10,10
2796,25,25
2797,1,1
2798,23,23
2799,27,27
2800,7,7
2801,24,24
2802,14,14
2803,6,6
2804,0,0
2805,3,3
2806,21,21
2807,34,34
2808,9,9
2809,32,32
2810,6,6
2811,28,28
2812,19,19
2813,34,34
2814,13,13
2815,33,33
2816,6,6
2817,3,3
2818,3,3
2819,17,17
2820,26,26
2821,14,14
2822,29,29
2823,10,10
2824,21,21
2825,34,34
2826,27,27
2827,12,12
2828,18,18
2829,3,3
2830,3,3
2831,14,14
2832,1,1
2833,18,18
2834,14,14
2835,16,16
2836,30,30
2837,7,7
2838,19,19
2839,18,18
2840,31,31
2841,26,26
2842,30,30
2843,13,13
2844,2,2
2845,34,34
2846,8,8
2847,34,34
2848,3,3
2849,10,10
2850,16,16
2851,0,0
2852,9,9
2853,5,5
2854,25,25
2855,12,12
2856,18,18
2857,22,22
2858,13,13
2859,24,24
2860,32,32
2861,18,18
2862,22,22
2863,2,2
2864,20,20
2865,4,4
2866,13,13
2867,15,15
2868,30,30
2869,28,28
2870,32,32
2871,10,10
2872,28,28
2873,26,26
2874,33,33
2875,17,17
2876,25,25
2877,11,11
2878,7,7
2879,31,31
2880,32,32
2881,18,18
2882,5,5
2883,3,3
2884,2,2
2885,9,9
2886,25,25
2887,28,28
2888,33,33
2889,4,4
2890,5,5
2891,29,29
2892,2,2
2893,15,15
2894,30,30
2895,17,17
2896,31,31
2897,8,8
2898,9,9
2899,31,31
2900,19,19
2901,20,20
2902,19,19
2903,21,21
2904,0,0
2905,14,14
2906,27,27
2907,5,5
2908,12,12
2909,34,34
2910,2,2
2911,28,28
2912,30,30
2913,22,22
2914,28,28
2915,3,3
2916,0,0
2917,34,34
2918,18,18
2919,19,19
2920,23,23
2921,20,20
2922,17,17
2923,23,23
2924,15,15
2925,33,33
2926,15,15
2927,31,31
2928,30,30
2929,17,17
2930,5,5
2931,17,17
2932,13,13
2933,5,5
2934,25,25
2935,15,15
2936,4,4
2937,27,27
2938,4,4
2939,24,24
2940,31,31
2941,5,5
2942,6,6
2943,12,12
2944,29,29
2945,14,14
2946,15,15
2947,13,13
2948,34,34
2949,24,24
2950,27,27
2951,4,4
2952,10,10
2953,2,2
2954,3,3
2955,24,24
2956,15,15
2957,24,24
2958,9,9
2959,21,21
2960,33,33
2961,5,5
2962,5,5
2963,28,28
2964,23,23
2965,15,15
2966,8,8
2967,30,30
2968,19,19
2969,33,33
2970,34,34
2971,22,22
2972,33,33
2973,11,11
2974,19,19
2975,5,5
2976,12,12
2977,33,33
2978,32,32
2979,21,21
2980,32,32
2981,25,25
2982,14,14
2983,14,14
2984,15,15
2985,5,5
2986,19,19
2987,0,0
2988,29,29
2989,22,22
2990,22,22
2991,20,20
2992,33,33
2993,15,15
2994,29,29
2995,16,16
2996,31,31
2997,11,11
2998,32,32
2999,5,5
3000,21,21
3001,15,15
3002,28,28
3003,34,34
3004,29,29
3005,19,19
3006,15,15
3007,15,15
3008,1,1
3009,29,29
3010,31,31
3011,9,9
3012,30,30
3013,3,3
3014,16,16
3015,25,25
3016,6,6
3017,12,12
3018,1,1
3019,22,22
3020,3,3
3021,34,34
3022,9,9
3023,19,19
3024,17,17
3025,3,3
3026,12,12
3027,28,28
3028,25,25
3029,32,32
3030,9,9
3031,19,19
3032,10,10
3033,8,8
3034,16,16
3035,4,4
3036,25,25
3037,8,8
3038,17,17
3039,29,29
3040,6,6
3041,30,30
3042,32,32
3043,16,16
3044,17,17
3045,23,23
3046,30,30
3047,18,18
3048,32,32
3049,18,18
3050,21,21
3051,20,20
3052,29,29
3053,18,18
3054,15,15
3055,4,4
3056,2,2
3057,5,5
3058,2,2
3059,10,10
3060,24,24
3061,15,15
3062,16,16
3063,2,2
3064,12,12
3065,30,30
3066,11,11
3067,15,15
3068,17,17
3069,22,22
3070,6,6
3071,12,12
3072,28,28
3073,22,22
3074,29,29
3075,21,21
3076,32,32
3077,11,11
3078,18,18
3079,33,33
3080,6,6
3081,28,28
3082,26,26
3083,12,12
3084,27,27
3085,19,19
3086,12,12
3087,4,4
3088,7,7
3089,20,20
3090,11,11
3091,33,33
3092,1,1
3093,18,18
3094,14,14
3095,34,34
3096,29,29
3097,0,0
3098,14,14
3099,14,14
3100,33,33
3101,1,1
3102,10,10
3103,4,4
3104,16,16
3105,10,10
3106,20,20
3107,33,33
3108,18,18
3109,34,34
3110,23,23
3111,10,10
3112,32,32
3113,33,33
3114,22,22
3115,30,30
3116,10,10
3117,18,18
3118,33,33
3119,27,27
3120,17,17
3121,32,32
3122,8,8
3123,28,28
3124,32,32
3125,14,14
3126,5,5
3127,23,23
3128,23,23
3129,7,7
3130,19,19
3131,27,27
3132,33,33
3133,16,16
3134,32,32
3135,13,13
3136,17,17
3137,28,28
3138,0,0
3139,19,19
3140,9,9
3141,31,31
3142,27,27
3143,10,10
3144,33,33
3145,14,14
3146,30,30
3147,24,24
3148,31,31
3149,1,1
3150,32,32
3151,6,6
3152,20,20
3153,26,26
3154,16,16
3155,10,10
3156,18,18
3157,29,29
3158,16,16
3159,17,17
3160,12,12
3161,24,24
3162,33,33
3163,4,4
3164,34,34
3165,8,8
3166,17,17
3167,25,25
3168,0,0
3169,34,34
3170,32,32
3171,0,0
3172,5,5
3173,11,11
3174,15,15
3175,27,27
3176,14,14
3177,17,17
3178,26,26
3179,12,12
3180,22,22
3181,4,4
3182,31,31
3183,27,27
3184,16,16
3185,9,9
3186,8,8
3187,18,18
3188,26,26
3189,20,20
3190,15,15
3191,30,30
3192,34,34
3193,8,8
3194,16,16
3195,32,32
3196,5,5
3197,10,10
3198,20,20
3199,24,24
3200,14,14
3201,26,26
3202,22,22
3203,29,29
3204,11,11
3205,15,15
3206,5,5
3207,13,13
3208,24,24
3209,22,22
3210,14,14
3211,20,20
3212,6,6
3213,26,26
3214,30,30
3215,15,15
3216,24,24
3217,22,22
3218,11,11
3219,11,11
3220,24,24
3221,28,28
3222,24,24
3223,16,16
3224,6,6
3225,17,17
3226,18,18
3227,18,18
3228,18,18
3229,30,30
3230,0,0
3231,0,0
3232,5,5
3233,11,11
3234,6,6
3235,27,27
3236,33,33
3237,10,10
3238,14,14
3239,34,34
3240,10,10
3241,14,14
3242,27,27
3243,29,29
3244,0,0
3245,9,9
3246,31,31
3247,24,24
3248,23,23
3249,23,23
3250,21,21
3251,17,17
3252,17,17
3253,6,6
3254,8,8
3255,9,9
3256,16,16
3257,23,23
3258,15,15
3259,18,18
3260,9,9
3261,32,32
3262,7,7
3263,24,24
3264,7,7
3265,30,30
3266,33,33
3267,20,20
3268,3,3
3269,28,28
3270,4,4
3271,31,31
3272,9,9
3273,13,13
3274,6,6
3275,7,7
3276,25,25
3277,14,14
3278,13,13
3279,11,11
3280,12,12
3281,14,14
3282,29,29
3283,2,2
3284,12,12
3285,25,25
3286,1,1
3287,14,14
3288,23,23
3289,5,5
3290,5,5
3291,22,22
3292,5,5
3293,22,22
3294,4,4
3295,21,21
3296,15,15
3297,8,8
3298,24,24
3299,0,0
3300,33,33
3301,14,14
3302,9,9
3303,4,4
3304,25,25
3305,22,22
3306,7,7
3307,16,16
3308,26,26
3309,0,0
3310,9,9
3311,34,34
3312,5,5
3313,0,0
3314,33,33
3315,6,6
3316,31,31
3317,31,31
3318,8,8
3319,6,6
3320,32,32
3321,24,24
3322,16,16
3323,29,29
3324,19,19
3325,24,24
3326,23,23
3327,17,17
3328,27,27
3329,15,15
3330,16,16
3331,14,14
3332,17,17
3333,8,8
3334,7,7
3335,13,13
3336,34,34
3337,11,11
3338,19,19
3339,15,15
3340,7,7
3341,8,8
3342,32,32
3343,24,24
3344,22,22
3345,1,1
3346,23,23
3347,23,23
3348,13,13
3349,2,2
3350,11,11
3351,23,23
3352,22,22
3353,20,20
3354,26,26
3355,2,2
3356,29,29
3357,4,4
3358,15,15
3359,3,3
3360,20,20
3361,14,14
3362,16,16
3363,21,21
3364,7,7
3365,32,32
3366,13,13
3367,29,29
3368,3,3
3369,24,24
3370,32,32
3371,3,3
3372,14,14
3373,16,16
3374,25,25
3375,21,21
3376,15,15
3377,24,24
3378,7,7
3379,3,3
3380,13,13
3381,13,13
3382,10,10
3383,18,18
3384,1,1
3385,32,32
3386,33,33
3387,25,25
3388,21,21
3389,14,14
3390,23,23
3391,24,24
3392,26,26
3393,5,5
3394,0,0
3395,8,8
3396,10,10
3397,20,20
3398,25,25
3399,21,21
3400,1,1
3401,23,23
3402,27,27
3403,33,33
3404,13,13
3405,4,4
3406,13,13
3407,11,11
3408,18,18
3409,27,27
3410,16,16
3411,11,11
3412,0,0
3413,30,30
3414,33,33
3415,24,24
3416,28,28
3417,1,1
3418,8,8
3419,26,26
3420,22,22
3421,28,28
3422,12,12
3423,23,23
3424,33,33
3425,14,14
3426,24,24
3427,2,2
3428,28,28
3429,34,34
3430,22,22
3431,3,3
3432,31,31
3433,1,1
3434,29,29
3435,11,11
3436,30,30
3437,0,0
3438,6,6
3439,17,17
3440,27,27
3441,33,33
3442,15,15
3443,18,18
3444,20,20
3445,9,9
3446,4,4
3447,26,26
3448,17,17
3449,22,22
3450,9,9
3451,26,26
3452,10,10
3453,6,6
3454,4,4
3455,23,23
3456,34,34
3457,26,26
3458,20,20
3459,19,19
3460,26,26
3461,1,1
3462,2,2
3463,10,10
3464,26,26
3465,27,27
3466,1,1
3467,13,13
3468,6,6
3469,1,1
3470,18,18
3471,9,9
3472,28,28
3473,17,17
3474,2,1
3475,4,4
3476,27,27
3477,32,32
3478,28,28
3479,21,21
3480,19,19
3481,17,17
3482,13,13
3483,1,1
3484,24,24
3485,6,6
3486,31,31
3487,31,31
3488,12,12
3489,25,25
3490,27,27
3491,2,2
3492,31,31
3493,32,32
3494,33,33
3495,18,18
3496,0,0
3497,6,6
3498,2,2
3499,22,22
3500,0,0
3501,27,27
3502,29,29
3503,24,24
3504,10,10
3505,8,8
3506,15,15
3507,30,30
3508,9,9
3509,18,18
3510,3,3
3511,2,2
3512,25,25
3513,17,17
3514,5,5
3515,11,11
3516,34,34
3517,19,19
3518,7,7
3519,27,27
3520,27,27
3521,7,7
3522,27,27
3523,8,8
3524,30,30
3525,3,3
3526,25,25
3527,13,13
3528,19,19
3529,13,13
3530,30,30
3531,19,19
3532,28,28
3533,31,31
3534,20,20
3535,8,8
3536,19,19
3537,21,21
3538,11,11
3539,8,8
3540,30,30
3541,13,13
3542,21,21
3543,31,31
3544,34,34
3545,18,18
3546,6,6
3547,13,13
3548,18,18
3549,32,32
3550,29,29
3551,9,9
3552,17,17
3553,16,16
3554,5,5
3555,7,7
3556,1,1
3557,2,2
3558,26,26
3559,33,33
3560,7,7
3561,29,29
3562,20,20
3563,23,23
3564,34,34
3565,17,17
3566,17,17
3567,32,32
3568,7,7
3569,1,1
3570,18,18
3571,9,9
3572,19,19
3573,15,15
3574,11,11
3575,26,26
3576,34,34
3577,14,14
3578,25,25
3579,12,12
3580,28,28
3581,12,12
3582,4,4
3583,14,14
3584,24,24
3585,14,14
3586,26,26
3587,3,3
3588,5,5
3589,29,29
3590,33,33
3591,8,8
3592,4,4
3593,24,24
3594,2,2
3595,8,8
3596,0,0
3597,33,33
3598,25,25
3599,4,4
3600,17,17
3601,13,13
3602,2,2
3603,21,21
3604,11,11
3605,25,25
3606,1,1
3607,0,0
3608,15,15
3609,12,12
3610,22,22
3611,10,10
3612,23,23
3613,23,23
3614,10,10
3615,6,6
3616,4,4
3617,25,25
3618,4,4
3619,33,33
3620,5,5
3621,3,3
3622,0,0
3623,27,27
3624,15,15
3625,5,5
3626,4,4
3627,20,20
3628,34,34
3629,34,34
3630,25,25
3631,3,3
3632,2,2
3633,2,2
3634,10,10
3635,3,3
3636,16,16
3637,32,32
3638,31,31
3639,12,12
3640,20,20
3641,19,19
3642,23,23
3643,9,9
3644,30,30
3645,8,8
3646,12,12
3647,10,10
3648,16,16
3649,26,26
3650,13,13
3651,0,0
3652,5,5
3653,17,17
3654,13,13
3655,7,7
3656,29,29
3657,27,27
3658,16,16
3659,5,5
3660,6,6
3661,10,10
3662,34,34
3663,28,28
3664,28,28
3665,25,25
3666,16,16
3667,25,25
3668,11,11
3669,28,28
3670,30,30
3671,27,27
3672,21,21
3673,30,30
3674,1,1
3675,4,4
3676,3,3
3677,12,12
3678,23,23
3679,23,23
3680,20,20
3681,23,23
3682,27,27
3683,32,32
3684,28,28
3685,13,13
3686,17,17
3687,29,29
3688,29,29
3689,18,18
3690,13,13
3691,0,0
3692,18,18
3693,15,15
3694,32,32
3695,9,9
3696,14,14
3697,19,19
3698,3,3
3699,21,21
3700,5,5
3701,13,13
3702,3,3
3703,16,16
3704,4,4
3705,2,2
3706,31,31
3707,2,2
3708,20,20
3709,14,14
3710,29,29
3711,13,13
3712,11,11
3713,22,22
3714,27,27
3715,4,4
3716,2,2
3717,25,25
3718,7,7
3719,16,16
3720,9,9
3721,34,34
3722,8,8
3723,27,27
3724,10,10
3725,11,11
3726,34,34
3727,19,19
3728,16,16
3729,20,20
3730,4,4
3731,31,31
3732,34,34
3733,33,33
3734,5,5
3735,16,16
3736,3,3
3737,30,30
3738,33,33
3739,20,20
3740,5,5
3741,17,17
3742,33,33
3743,13,13
3744,5,5
3745,23,23
3746,21,21
3747,18,18
3748,22,22
3749,9,9
3750,2,2
3751,33,33
3752,13,13
3753,34,34
3754,34,34
3755,23,23
3756,27,27
3757,25,25
3758,34,34
3759,3,3
3760,6,6
3761,32,32
3762,17,17
3763,32,32
3764,23,23
3765,14,14
3766,3,3
3767,10,10
3768,27,27
3769,23,23
3770,19,19
3771,7,7
3772,30,30
3773,6,6
3774,8,8
3775,22,22
3776,19,19
3777,27,27
3778,22,22
3779,10,10
3780,30,30
3781,12,12
3782,14,14
3783,13,13
3784,20,20
3785,32,32
3786,30,30
3787,17,17
3788,33,33
3789,21,21
3790,24,24
3791,18,18
3792,9,9
3793,12,12
3794,10,10
3795,21,21
3796,22,22
3797,24,24
3798,15,15
3799,33,33
3800,21,21
3801,30,30
3802,28,28
3803,30,30
3804,28,28
3805,12,12
3806,12,12
3807,3,3
3808,34,34
3809,24,24
3810,16,16
3811,6,6
3812,16,16
3813,6,6
3814,33,33
3815,34,34
3816,20,20
3817,15,15
3818,31,31
3819,24,24
3820,27,27
3821,30,30
3822,2,2
3823,19,19
3824,5,5
3825,24,24
3826,10,10
3827,0,0
3828,16,16
3829,6,6
3830,15,15
3831,10,10
3832,24,24
3833,31,31
3834,32,32
3835,25,25
3836,5,5
3837,32,32
3838,20,20
3839,9,9
3840,31,31
3841,9,9
3842,29,29
3843,16,16
3844,33,33
3845,6,6
3846,27,27
3847,32,32
3848,27,27
3849,33,33
3850,34,34
3851,20,20
3852,14,14
3853,18,18
3854,3,3
3855,19,19
3856,21,21
3857,0,0
3858,6,6
3859,6,6
3860,33,33
3861,2,2
3862,4,4
3863,3,3
3864,2,2
3865,2,2
3866,7,7
3867,22,22
3868,28,28
3869,29,29
3870,15,15
3871,21,21
3872,29,29
3873,16,16
3874,30,30
3875,9,9
3876,24,24
3877,31,31
3878,13,13
3879,33,33
3880,10,10
3881,25,25
3882,24,24
3883,16,16
3884,10,10
3885,3,3
3886,8,8
3887,6,6
3888,3,3
3889,3,3
3890,18,18
3891,24,24
3892,3,3
3893,4,4
3894,25,25
3895,10,10
3896,14,14
3897,30,30
3898,12,12
3899,19,19
3900,6,6
3901,15,15
3902,7,7
3903,34,34
3904,1,1
3905,12,12
3906,34,34
3907,28,28
3908,11,11
3909,20,20
3910,8,8
3911,27,27
3912,31,31
3913,1,1
3914,32,32
3915,1,1
3916,34,34
3917,9,9
3918,11,11
3919,22,22
3920,7,7
3921,31,31
3922,8,8
3923,20,20
3924,13,13
3925,6,6
3926,4,4
3927,10,10
3928,31,31
3929,25,25
3930,21,21
3931,17,17
3932,6,6
3933,33,33
3934,6,6
3935,29,29
3936,23,23
3937,3,3
3938,32,32
3939,26,26
3940,14,14
3941,24,24
3942,14,14
3943,6,6
3944,29,29
3945,14,14
3946,23,23
3947,2,2
3948,23,23
3949,30,30
3950,11,11
3951,27,27
3952,4,4
3953,14,14
3954,32,32
3955,7,7
3956,33,33
3957,31,31
3958,34,34
3959,29,29
3960,11,11
3961,1,1
3962,23,23
3963,1,1
3964,0,0
3965,5,5
3966,9,9
3967,29,29
3968,29,29
3969,18,18
3970,2,2
3971,12,12
3972,6,6
3973,32,32
3974,33,33
3975,16,16
3976,10,10
3977,4,4
3978,30,30
3979,25,25
3980,10,10
3981,2,2
3982,26,26
3983,4,4
3984,6,6
3985,19,19
3986,23,23
3987,25,25
3988,33,33
3989,13,13
3990,3,3
3991,22,22
3992,5,5
3993,26,26
3994,0,0
3995,7,7
3996,19,19
3997,19,19
3998,31,31
3999,0,0
4000,22,22
4001,23,23
4002,30,30
4003,26,26
4004,34,34
4005,32,32
4006,31,31
4007,21,21
4008,1,1
4009,28,28
4010,8,8
4011,13,13
4012,32,32
4013,21,21
4014,12,12
4015,19,19
4016,16,16
4017,29,29
4018,12,12
4019,31,31
4020,23,23
4021,2,2
4022,29,29
4023,19,19
4024,12,12
4025,15,15
4026,4,4
4027,10,10
4028,1,1
4029,22,22
4030,18,18
4031,0,0
4032,14,14
4033,13,13
4034,25,25
4035,22,22
4036,20,20
4037,3,3
4038,32,32
4039,20,20
4040,13,13
4041,12,12
4042,29,29
4043,25,25
4044,2,2
4045,16,16
4046,7,7
4047,3,3
4048,14,14
4049,34,34
4050,15,15
4051,22,22
4052,9,9
4053,10,10
4054,13,13
4055,21,21
4056,33,33
4057,11,11
4058,26,26
4059,8,8
4060,33,33
4061,32,32
4062,13,13
4063,2,2
4064,6,6
4065,21,21
4066,18,18
4067,23,23
4068,18,18
4069,23,23
4070,5,5
4071,9,9
4072,32,32
4073,5,5
4074,12,12
4075,29,29
4076,10,10
4077,3,3
4078,34,34
4079,19,19
4080,5,5
4081,32,32
4082,11,11
4083,26,26
4084,25,25
4085,15,15
4086,1,1
4087,18,18
4088,33,33
4089,17,17
4090,12,12
4091,32,32
4092,12,12
4093,33,33
4094,6,6
4095,13,13
4096,13,13
4097,22,22
4098,28,28
4099,2,2
4100,0,0
4101,31,31
4102,29,29
4103,6,6
4104,33,33
4105,1,1
4106,24,24
4107,10,10
4108,20,20
4109,18,18
4110,20,20
4111,13,13
4112,10,10
4113,18,18
4114,11,11
4115,7,7
4116,13,13
4117,16,16
4118,26,26
4119,1,1
4120,11,11
4121,11,11
4122,29,29
4123,3,3
4124,29,29
4125,34,34
4126,18,18
4127,26,26
4128,34,34
4129,16,16
4130,30,30
4131,23,23
4132,0,0
4133,10,10
4134,21,21
4135,10,10
4136,10,10
4137,23,23
4138,1,1
4139,2,2
4140,27,27
4141,4,4
4142,15,15
4143,33,33
4144,19,19
4145,7,7
4146,10,10
4147,31,31
4148,14,14
4149,28,28
4150,34,34
4151,31,31
4152,6,6
4153,13,13
4154,30,30
4155,17,17
4156,9,9
4157,1,1
4158,30,30
4159,17,17
4160,1,1
4161,34,34
4162,1,1
4163,22,22
4164,8,8
4165,28,28
4166,19,19
4167,16,16
4168,18,18
4169,6,6
4170,14,14
4171,32,32
4172,1,1
4173,6,6
4174,28,28
4175,26,26
4176,21,21
4177,6,6
4178,18,18
4179,14,14
4180,22,22
4181,24,24
4182,29,29
4183,31,31
4184,15,15
4185,0,0
4186,24,24
4187,9,9
4188,7,7
4189,29,29
4190,18,18
4191,21,21
4192,13,13
4193,28,28
4194,3,3
4195,31,31
4196,22,22
4197,28,28
4198,22,22
4199,12,12
4200,3,3
4201,15,15
4202,20,20
4203,13,13
4204,3,3
4205,14,14
4206,14,14
4207,27,27
4208,8,8
4209,8,8
4210,6,6
4211,33,33
4212,22,22
4213,3,3
4214,15,15
4215,22,22
4216,31,31
4217,0,0
4218,4,4
4219,31,31
4220,8,8
4221,19,19
4222,10,10
4223,12,12
4224,21,21
4225,12,12
4226,31,31
4227,19,19
4228,33,33
4229,32,32
4230,12,12
4231,34,34
4232,33,33
4233,5,5
4234,7,7
4235,8,8
4236,19,19
4237,7,7
4238,31,31
4239,31,31
4240,34,34
4241,2,2
4242,17,17
4243,33,33
4244,4,4
4245,25,25
4246,21,21
4247,12,12
4248,22,22
4249,30,30
4250,21,21
4251,13,13
4252,11,11
4253,25,25
4254,20,20
4255,5,5
4256,30,30
4257,6,6
4258,4,4
4259,1,1
4260,20,20
4261,6,6
4262,15,15
4263,3,3
4264,12,12
4265,12,12
4266,10,10
4267,0,0
4268,28,28
4269,33,33
4270,32,32
4271,13,13
4272,4,4
4273,0,0
4274,20,20
4275,4,4
4276,10,10
4277,29,29
4278,17,17
4279,21,21
4280,16,16
4281,29,29
4282,33,33
4283,5,5
4284,18,18
4285,13,13
4286,17,17
4287,11,11
4288,23,23
4289,2,1
4290,27,27
4291,18,18
4292,26,26
4293,18,18
4294,30,30
4295,4,4
4296,26,26
4297,17,17
4298,28,28
4299,18,18
4300,4,4
4301,34,34
4302,29,29
4303,2,2
4304,4,4
4305,21,21
4306,24,24
4307,4,4
4308,30,30
4309,28,28
4310,24,24
4311,33,33
4312,10,10
4313,26,26
4314,29,29
4315,1,1
4316,27,27
4317,7,7
4318,23,23
4319,26,26
4320,17,17
4321,11,11
4322,25,25
4323,13,13
4324,11,11
4325,34,34
4326,34,34
4327,30,30
4328,5,5
4329,33,33
4330,28,28
4331,25,25
4332,17,17
4333,4,4
4334,26,26
4335,1,1
4336,13,13
4337,6,6
4338,1,1
4339,8,8
4340,4,4
4341,24,24
4342,12,12
4343,9,9
4344,7,7
4345,10,10
4346,7,7
4347,20,20
4348,14,14
4349,8,8
4350,1,1
4351,9,9
4352,16,16
4353,18,18
4354,13,13
4355,30,30
4356,20,20
4357,27,27
4358,25,25
4359,23,23
4360,22,22
4361,26,26
4362,8,8
4363,12,12
4364,8,8
4365,30,30
4366,4,4
4367,7,7
4368,22,22
4369,31,31
4370,1,1
4371,19,19
4372,22,22
4373,22,22
4374,23,23
4375,9,9
4376,30,30
4377,26,26
4378,1,1
4379,9,9
4380,34,34
4381,1,1
4382,6,6
4383,11,11
4384,10,10
4385,4,4
4386,30,30
4387,3,3
4388,24,24
4389,5,5
4390,13,13
4391,30,30
4392,0,0
4393,20,20
4394,14,14
4395,0,0
4396,32,32
4397,9,9
4398,8,8
4399,11,11
4400,23,23
4401,15,15
4402,11,11
4403,18,18
4404,8,8
4405,22,22
4406,31,31
4407,16,16
4408,8,8
4409,29,29
4410,26,26
4411,20,20
4412,0,0
4413,6,6
4414,8,8
4415,6,6
4416,2,2
4417,7,7
4418,8,8
4419,0,0
4420,34,34
4421,22,22
4422,8,8
4423,7,7
4424,26,26
4425,14,14
4426,28,28
4427,24,24
4428,5,5
4429,0,0
4430,26,26
4431,25,25
4432,23,23
4433,4,4
4434,27,27
4435,21,21
4436,2,2
4437,17,17
4438,26,26
4439,33,33
4440,29,29
4441,21,21
4442,29,29
4443,2,2
4444,19,19
4445,22,22
4446,13,13
4447,18,18
4448,4,4
4449,19,19
4450,27,27
4451,1,1
4452,32,32
4453,9,9
4454,20,20
4455,8,8
4456,29,29
4457,24,24
4458,12,12
4459,10,10
4460,30,30
4461,28,28
4462,27,27
4463,17,17
4464,31,31
4465,23,23
4466,1,1
4467,0,0
4468,21,21
4469,5,5
4470,6,6
4471,15,15
4472,26,26
4473,7,7
4474,24,24
4475,25,25
4476,12,12
4477,17,17
4478,7,7
4479,31,31
4480,28,28
4481,1,1
4482,8,8
4483,34,34
4484,7,7
4485,25,25
4486,34,34
4487,24,24
4488,32,32
4489,26,26
4490,8,8
4491,34,34
4492,15,15
4493,12,12
4494,28,28
4495,29,29
4496,33,33
4497,34,34
4498,9,9
4499,27,27
4500,23,23
4501,16,16
4502,30,30
4503,5,5
4504,0,0
4505,33,33
4506,26,26
4507,34,34
4508,3,3
4509,14,14
4510,28,28
4511,9,9
4512,22,22
4513,20,20
4514,31,31
4515,34,34
4516,24,24
4517,2,2
4518,33,33
4519,26,26
4520,9,9
4521,24,24
4522,9,9
4523,14,14
4524,16,16
4525,2,2
4526,24,24
4527,27,27
4528,9,9
4529,15,15
4530,22,22
4531,25,25
4532,27,27
4533,28,28
4534,12,12
4535,18,18
4536,3,3
4537,12,12
4538,33,33
4539,28,28
4540,34,34
4541,15,15
4542,8,8
4543,28,28
4544,30,30
4545,11,11
4546,23,23
4547,33,33
4548,20,20
4549,5,5
4550,6,6
4551,34,34
4552,17,17
4553,11,11
4554,32,32
4555,3,3
4556,21,21
4557,15,15
4558,10,10
4559,23,23
4560,28,28
4561,6,6
4562,25,25
4563,11,11
4564,28,28
4565,14,14
4566,2,2
4567,19,19
4568,5,5
4569,7,7
4570,3,3
4571,14,14
4572,21,21
4573,33,33
4574,30,30
4575,34,34
4576,16,16
4577,31,31
4578,29,29
4579,6,6
4580,13,13
4581,27,27
4582,15,15
4583,10,10
4584,4,4
4585,7,7
4586,5,5
4587,17,17
4588,29,29
4589,28,28
4590,18,18
4591,4,4
4592,2,2
4593,24,24
4594,19,19
4595,4,4
4596,13,13
4597,8,8
4598,13,13
4599,32,32
4600,26,26
4601,31,31
4602,4,4
4603,0,0
4604,27,27
4605,32,32
4606,19,19
4607,4,4
4608,7,7
4609,2,2
4610,7,7
4611,19,19
4612,0,0
4613,19,19
4614,13,13
4615,1,1
4616,13,13
4617,25,25
4618,18,18
4619,0,0
4620,33,33
4621,5,5
4622,19,19
4623,24,24
4624,31,31
4625,32,32
4626,33,33
4627,4,4
4628,32,32
4629,33,33
4630,24,24
4631,24,24
4632,13,13
4633,13,13
4634,11,11
4635,1,1
4636,20,20
4637,6,6
4638,19,19
4639,12,12
4640,25,25
4641,27,27
4642,21,21
4643,0,0
4644,13,13
4645,22,22
4646,18,18
4647,22,22
4648,12,12
4649,19,19
4650,16,16
4651,3,3
4652,33,33
4653,31,31
4654,26,26
4655,33,33
4656,27,27
4657,18,18
4658,32,32
4659,28,28
4660,27,27
4661,0,0
4662,15,15
4663,22,22
4664,32,32
4665,9,9
4666,8,8
4667,30,30
4668,23,23
4669,3,3
4670,26,26
4671,1,1
4672,4,4
4673,21,21
4674,31,31
4675,34,34
4676,21,21
4677,2,2
4678,18,18
4679,8,8
4680,23,23
4681,19,19
4682,7,7
4683,5,5
4684,19,19
4685,22,22
4686,10,10
4687,30,30
4688,31,31
4689,2,2
4690,24,24
4691,23,23
4692,6,6
4693,11,11
4694,15,15
4695,17,17
4696,26,26
4697,29,29
4698,32,32
4699,31,31
4700,34,34
4701,9,9
4702,20,20
4703,2,2
4704,15,15
4705,22,22
4706,23,23
4707,28,28
4708,8,8
4709,24,24
4710,18,18
4711,28,28
4712,34,34
4713,18,18
4714,31,31
4715,14,14
4716,26,26
4717,32,32
4718,10,10
4719,20,20
4720,2,2
4721,2,2
4722,7,7
4723,30,30
4724,28,28
4725,20,20
4726,21,21
4727,22,22
4728,8,8
4729,5,5
4730,5,5
4731,19,19
4732,2,2
4733,19,19
4734,9,9
4735,31,31
4736,19,19
4737,3,3
4738,12,12
4739,24,24
4740,14,14
4741,13,13
4742,20,20
4743,12,12
4744,22,22
4745,13,13
4746,10,10
4747,14,14
4748,18,18
4749,9,9
4750,4,4
4751,10,10
4752,33,33
4753,11,11
4754,16,16
4755,23,23
4756,24,24
4757,31,31
4758,29,29
4759,17,17
4760,1,1
4761,29,29
4762,33,33
4763,12,12
4764,14,14
4765,26,26
4766,32,32
4767,16,16
4768,4,4
4769,26,26
4770,32,32
4771,15,15
4772,33,33
4773,5,5
4774,15,15
4775,13,13
4776,26,26
4777,27,27
4778,10,10
4779,13,13
4780,10,10
4781,14,14
4782,12,12
4783,17,17
4784,31,31
4785,8,8
4786,4,4
4787,26,26
4788,30,30
4789,24,24
4790,20,20
4791,34,34
4792,14,14
4793,19,19
4794,22,22
4795,6,6
4796,30,30
4797,2,2
4798,18,18
4799,2,2
4800,4,4
4801,2,2
4802,9,9
4803,27,27
4804,2,2
4805,18,18
4806,18,18
4807,29,29
4808,31,31
4809,23,23
4810,11,11
4811,22,22
4812,31,31
4813,3,3
4814,15,15
4815,5,5
4816,16,16
4817,3,3
4818,28,28
4819,6,6
4820,19,19
4821,3,3
4822,7,7
4823,21,21
4824,18,18
4825,1,1
4826,29,29
4827,26,26
4828,17,17
4829,12,12
4830,26,26
4831,12,12
4832,5,5
4833,2,2
4834,1,1
4835,17,17
4836,29,29
4837,20,20
4838,7,7
4839,29,29
4840,1,1
4841,31,31
4842,21,21
4843,22,22
4844,20,20
4845,31,31
4846,15,15
4847,19,19
4848,21,21
4849,31,31
4850,14,14
4851,7,7
4852,7,7
4853,25,25
4854,10,10
4855,21,21
4856,27,27
4857,14,14
4858,21,21
4859,18,18
4860,1,1
4861,21,21
4862,19,19
4863,16,16
4864,21,21
4865,29,29
4866,34,34
4867,11,11
4868,24,24
4869,22,22
4870,18,18
4871,25,25
4872,23,23
4873,0,0
4874,18,18
4875,6,6
4876,1,1
4877,21,21
4878,10,10
4879,13,13
4880,12,12
4881,0,0
4882,20,20
4883,29,29
4884,6,6
4885,33,33
4886,31,31
4887,3,3
4888,16,16
4889,4,4
4890,29,29
4891,11,11
4892,17,17
4893,16,16
4894,4,4
4895,1,1
4896,8,8
4897,29,29
4898,31,31
4899,33,33
4900,32,32
4901,16,16
4902,17,17
4903,9,9
4904,31,31
4905,27,27
4906,26,26
4907,3,3
4908,13,13
4909,12,12
4910,22,22
4911,8,8
4912,27,27
4913,29,29
4914,23,23
4915,28,28
4916,2,2
4917,29,29
4918,26,26
4919,23,23
4920,4,4
4921,14,14
4922,28,28
4923,5,5
4924,26,26
4925,2,2
4926,7,7
4927,14,14
4928,21,21
4929,4,4
4930,34,34
4931,24,24
4932,15,15
4933,29,29
4934,17,17
4935,29,29
4936,2,2
4937,23,23
4938,3,3
4939,31,31
4940,16,16
4941,9,9
4942,13,13
4943,11,11
4944,22,22
4945,23,23
4946,32,32
4947,23,23
4948,11,11
4949,30,30
4950,3,3
4951,3,3
4952,17,17
4953,8,8
4954,18,18
4955,18,18
4956,20,20
4957,10,10
4958,10,10
4959,10,10
4960,7,7
4961,26,26
4962,7,7
4963,17,17
4964,1,1
4965,28,28
4966,26,26
4967,21,21
4968,8,8
4969,16,16
4970,20,20
4971,6,6
4972,6,6
4973,13,13
4974,28,28
4975,18,18
4976,22,22
4977,21,21
4978,16,16
4979,20,20
4980,30,30
4981,6,6
4982,26,26
4983,29,29
4984,16,16
4985,27,27
4986,28,28
4987,30,30
4988,24,24
4989,34,34
4990,8,8
4991,32,32
4992,32,32
4993,6,6
4994,13,13
4995,26,26
4996,21,21
4997,3,3
4998,18,18
4999,11,11
5000,31,31
5001,19,19
5002,25,25
5003,6,6
5004,1,1
5005,17,17
5006,15,15
5007,34,34
5008,11,11
5009,32,32
5010,30,30
5011,12,12
5012,21,21
5013,16,16
5014,8,8
5015,15,15
5016,15,15
5017,2,2
5018,32,32
5019,7,7
5020,20,20
5021,23,23
5022,34,34
5023,15,15
5024,27,27
5025,24,24
5026,20,20
5027,18,18
5028,20,20
5029,29,29
5030,8,8
5031,20,20
5032,9,9
5033,15,15
5034,6,6
5035,22,22
5036,9,9
5037,30,30
5038,32,32
5039,29,29
5040,23,23
5041,26,26
5042,32,32
5043,6,6
5044,14,14
5045,4,4
5046,13,13
5047,32,32
5048,16,16
5049,20,20
5050,24,24
5051,32,32
5052,9,9
5053,31,31
5054,0,0
5055,10,10
5056,17,17
5057,14,14
5058,5,5
5059,34,34
5060,25,25
5061,33,33
5062,15,15
5063,28,28
5064,17,17
5065,32,32
5066,16,16
5067,25,25
5068,8,8
5069,9,9
5070,21,21
5071,12,12
5072,3,3
5073,30,30
5074,12,12
5075,0,0
5076,29,29
5077,6,6
5078,31,31
5079,0,0
5080,18,18
5081,16,16
5082,26,26
5083,13,13
5084,34,34
5085,21,21
5086,5,5
5087,10,10
5088,7,7
5089,7,7
5090,29,29
5091,7,7
5092,0,0
5093,7,7
5094,34,34
5095,14,14
5096,1,1
5097,22,22
5098,25,25
5099,1,1
5100,5,5
5101,2,2
5102,19,19
5103,13,13
5104,8,8
5105,14,14
5106,11,11
5107,20,20
5108,10,10
5109,3,3
5110,29,29
5111,26,26
5112,34,34
5113,3,3
5114,9,9
5115,20,20
5116,23,23
5117,31,31
5118,33,33
5119,11,11
5120,5,5
5121,2,2
5122,23,23
5123,7,7
5124,15,15
5125,20,20
5126,23,23
5127,14,14
5128,20,20
5129,34,34
5130,16,16
5131,23,23
5132,32,32
5133,8,8
5134,7,7
5135,15,15
5136,14,14
5137,27,27
5138,29,29
5139,23,23
5140,8,8
5141,32,32
5142,31,31
5143,25,25
5144,17,17
5145,24,24
5146,8,8
5147,1,1
5148,10,10
5149,15,15
5150,33,33
5151,29,29
5152,32,32
5153,21,21
5154,23,23
5155,0,0
5156,6,6
5157,15,15
5158,28,28
5159,5,5
5160,19,19
5161,15,15
5162,3,3
5163,4,4
5164,15,15
5165,28,28
5166,31,31
5167,9,9
5168,22,22
5169,16,16
5170,30,30
5171,27,27
5172,8,8
5173,7,7
5174,31,31
5175,30,30
5176,28,28
5177,33,33
5178,11,11
5179,21,21
5180,16,16
5181,31,31
5182,26,26
5183,7,7
5184,6,6
5185,8,8
5186,11,11
5187,34,34
5188,26,26
5189,7,7
5190,31,31
5191,12,12
5192,23,23
5193,9,9
5194,3,3
5195,20,20
5196,2,2
5197,8,8
5198,3,3
5199,20,20
5200,25,25
5201,31,31
5202,31,31
5203,0,0
5204,13,13
5205,10,10
5206,6,6
5207,26,26
5208,7,7
5209,15,15
5210,30,30
5211,12,12
5212,8,8
5213,31,31
5214,17,17
5215,29,29
5216,23,23
5217,33,33
5218,32,32
5219,33,33
5220,13,13
5221,19,19
5222,34,34
5223,10,10
5224,27,27
5225,2,2
5226,15,15
5227,19,19
5228,16,16
5229,28,28
5230,17,17
5231,13,13
5232,12,12
5233,21,21
5234,27,27
5235,29,29
5236,0,0
5237,33,33
5238,14,14
5239,20,20
5240,22,22
5241,34,34
5242,21,21
5243,33,33
5244,19,19
5245,21,21
5246,22,22
5247,3,3
5248,21,21
5249,0,0
5250,16,16
5251,8,8
5252,3,3
5253,5,5
5254,4,4
5255,22,22
5256,28,28
5257,9,9
5258,1,1
5259,29,29
5260,31,31
5261,21,21
5262,21,21
5263,26,26
5264,8,8
5265,8,8
5266,23,23
5267,23,23
5268,14,14
5269,15,15
5270,26,26
5271,34,34
5272,8,8
5273,26,26
5274,20,20
5275,3,3
5276,6,6
5277,3,3
5278,1,1
5279,1,1
5280,27,27
5281,25,25
5282,22,22
5283,28,28
5284,23,23
5285,9,9
5286,26,26
5287,18,18
5288,30,30
5289,14,14
5290,24,24
5291,22,22
5292,32,32
5293,25,25
5294,29,29
5295,30,30
5296,21,21
5297,33,33
5298,26,26
5299,19,19
5300,16,16
5301,22,22
5302,21,21
5303,18,18
5304,5,5
5305,25,25
5306,0,0
5307,21,21
5308,30,30
5309,1,1
5310,31,31
5311,11,11
5312,30,30
5313,30,30
5314,19,19
5315,3,3
5316,1,1
5317,33,33
5318,10,10
5319,0,0
5320,29,29
5321,18,18
5322,17,17
5323,18,18
5324,33,33
5325,10,10
5326,19,19
5327,13,13
5328,29,29
5329,0,0
5330,20,20
5331,2,2
5332,4,4
5333,6,6
5334,13,13
5335,25,25
5336,28,28
5337,6,6
5338,27,27
5339,18,18
5340,14,14
5341,34,34
5342,14,14
5343,32,32
5344,20,20
5345,2,2
5346,3,3
5347,17,17
5348,33,33
5349,11,11
5350,27,27
5351,3,3
5352,22,22
5353,22,22
5354,17,17
5355,2,2
5356,33,33
5357,22,22
5358,19,19
5359,21,21
5360,23,23
5361,29,29
5362,22,22
5363,20,20
5364,31,31
5365,0,0
5366,23,23
5367,17,17
5368,24,24
5369,3,3
5370,3,3
5371,4,4
5372,2,2
5373,3,3
5374,2,2
5375,13,13
5376,21,21
5377,21,21
5378,26,26
5379,31,31
5380,33,33
5381,9,9
5382,25,25
5383,27,27
5384,7,7
5385,27,27
5386,3,3
5387,12,12
5388,19,19
5389,7,7
5390,16,16
5391,11,11
5392,24,24
5393,33,33
5394,28,28
5395,21,21
5396,31,31
5397,24,24
5398,22,22
5399,4,4
5400,9,9
5401,16,16
5402,31,31
5403,23,23
5404,2,2
5405,1,1
5406,25,25
5407,25,25
5408,10,10
5409,17,17
5410,20,20
5411,2,2
5412,16,16
5413,8,8
5414,24,24
5415,27,27
5416,10,10
5417,27,27
5418,23,23
5419,10,10
5420,18,18
5421,12,12
5422,34,34
5423,30,30
5424,33,33
5425,9,9
5426,22,22
5427,34,34
5428,15,15
5429,12,12
5430,8,8
5431,27,27
5432,7,7
5433,27,27
5434,4,4
5435,8,8
5436,0,0
5437,22,22
5438,25,25
5439,31,31
5440,10,10
5441,25,25
5442,20,20
5443,4,4
5444,19,19
5445,28,28
5446,2,2
5447,29,29
5448,3,3
5449,14,14
5450,25,25
5451,8,8
5452,7,7
5453,16,16
5454,24,24
5455,18,18
5456,4,4
5457,5,5
5458,13,13
5459,26,26
5460,13,13
5461,5,5
5462,6,6
5463,13,13
5464,11,11
5465,3,3
5466,17,17
5467,20,20
5468,8,8
5469,8,8
5470,29,29
5471,22,22
5472,27,14
5473,30,30
5474,9,9
5475,33,33
5476,7,7
5477,0,0
5478,13,13
5479,11,11
5480,24,24
5481,4,4
5482,0,0
5483,20,20
5484,28,28
5485,23,23
5486,4,4
5487,7,7
5488,22,22
5489,23,23
5490,11,11
5491,5,5
5492,27,27
5493,26,26
5494,25,25
5495,11,11
5496,25,25
5497,16,16
5498,12,12
5499,4,4
5500,20,20
5501,29,29
5502,24,24
5503,14,14
5504,12,12
5505,9,9
5506,1,1
5507,16,16
5508,3,3
5509,9,9
5510,28,28
5511,9,9
5512,34,34
5513,13,13
5514,31,31
5515,12,12
5516,13,13
5517,33,33
5518,26,26
5519,29,29
5520,11,11
5521,5,5
5522,3,3
5523,15,15
5524,5,5
5525,5,5
5526,11,11
5527,34,34
5528,16,16
5529,4,4
5530,28,28
5531,30,30
5532,23,23
5533,25,25
5534,24,24
5535,23,23
5536,23,23
5537,16,16
5538,29,29
5539,6,6
5540,10,10
5541,10,10
5542,23,23
5543,21,21
5544,33,33
5545,11,11
5546,28,28
5547,18,18
5548,27,27
5549,4,4
5550,26,26
5551,7,7
5552,7,7
5553,18,18
5554,8,8
5555,31,31
5556,14,14
5557,3,3
5558,28,28
5559,18,18
5560,27,27
5561,14,14
5562,22,22
5563,32,32
5564,14,14
5565,30,30
5566,31,31
5567,24,24
5568,2,2
5569,1,1
5570,19,19
5571,23,23
5572,30,30
5573,24,24
5574,11,11
5575,15,15
5576,20,20
5577,5,5
5578,13,13
5579,21,21
5580,29,29
5581,17,17
5582,2,2
5583,13,13
5584,18,18
5585,25,25
5586,15,15
5587,23,23
5588,31,31
5589,13,13
5590,3,3
5591,17,17
5592,25,25
5593,26,26
5594,2,2
5595,23,23
5596,15,15
5597,23,23
5598,26,26
5599,25,25
5600,23,23
5601,25,25
5602,19,19
5603,1,1
5604,13,13
5605,26,26
5606,7,7
5607,18,18
5608,25,25
5609,12,12
5610,27,27
5611,23,23
5612,22,22
5613,32,32
5614,7,7
5615,25,25
5616,30,30
5617,9,9
5618,16,16
5619,11,11
5620,2,2
5621,0,0
5622,28,28
5623,22,22
5624,7,7
5625,30,30
5626,21,21
5627,18,18
5628,9,9
5629,29,29
5630,2,2
5631,31,31
5632,16,16
5633,31,31
5634,15,15
5635,20,20
5636,21,21
5637,30,30
5638,4,4
5639,14,14
5640,10,10
5641,1,1
5642,9,9
5643,13,13
5644,6,6
5645,21,21
5646,23,23
5647,3,3
5648,25,25
5649,16,16
5650,32,32
5651,0,0
5652,21,21
5653,11,11
5654,25,25
5655,34,34
5656,11,11
5657,27,27
5658,31,31
5659,7,7
5660,27,27
5661,23,23
5662,4,4
5663,1,1
5664,27,27
5665,1,1
5666,3,3
5667,11,11
5668,12,12
5669,29,29
5670,27,27
5671,21,21
5672,32,32
5673,11,11
5674,1,1
5675,6,6
5676,30,30
5677,28,28
5678,28,28
5679,28,28
5680,14,14
5681,28,28
5682,10,10
5683,14,14
5684,16,16
5685,19,19
5686,30,30
5687,33,33
5688,9,9
5689,29,29
5690,10,10
5691,28,28
5692,22,22
5693,12,12
5694,22,22
5695,20,20
5696,7,7
5697,32,32
5698,3,3
5699,29,29
5700,14,14
5701,3,3
5702,6,6
5703,5,5
5704,16,16
5705,34,34
5706,12,12
5707,7,7
5708,5,5
5709,6,6
5710,28,28
5711,34,34
5712,21,21
5713,6,6
5714,27,27
5715,24,24
5716,22,22
5717,14,14
5718,4,4
5719,11,11
5720,33,33
5721,34,34
5722,15,15
5723,28,28
5724,21,21
5725,22,22
5726,30,30
5727,31,31
5728,28,28
5729,4,4
5730,20,20
5731,11,11
5732,31,31
5733,12,12
5734,18,18
5735,17,17
5736,10,10
5737,26,26
5738,18,18
5739,28,28
5740,11,11
5741,2,2
5742,21,21
5743,34,34
5744,17,17
5745,24,24
5746,6,6
5747,22,22
5748,17,17
5749,21,21
5750,24,24
5751,34,34
5752,1,1
5753,19,19
5754,10,10
5755,7,7
5756,0,0
5757,9,9
5758,25,25
5759,30,30
5760,18,18
5761,17,17
5762,32,32
5763,20,20
5764,8,8
5765,28,28
5766,7,7
5767,10,10
5768,13,13
5769,8,8
5770,24,24
5771,22,22
5772,14,14
5773,0,0
5774,1,1
5775,3,3
5776,14,14
5777,31,31
5778,20,20
5779,24,24
5780,30,30
5781,4,4
5782,34,34
5783,9,9
5784,7,7
5785,14,14
5786,6,6
5787,13,13
5788,0,0
5789,22,22
5790,1,1
5791,17,17
5792,6,6
5793,27,27
5794,1,1
5795,3,3
5796,1,1
5797,29,29
5798,13,13
5799,27,27
5800,32,32
5801,3,3
5802,34,34
5803,27,27
5804,34,34
5805,1,1
5806,33,33
5807,3,3
5808,33,33
5809,7,7
5810,17,17
5811,15,15
5812,29,29
5813,30,30
5814,0,0
5815,26,26
5816,9,9
5817,19,19
5818,13,13
5819,33,33
5820,22,22
5821,26,26
5822,3,3
5823,25,25
5824,1,1
5825,5,5
5826,3,3
5827,2,2
5828,6,6
5829,4,4
5830,2,2
5831,8,8
5832,3,3
5833,13,13
5834,4,4
5835,10,10
5836,31,31
5837,31,31
5838,2,2
5839,10,10
5840,3,3
5841,23,23
5842,33,33
5843,2,2
5844,21,21
5845,18,18
5846,14,14
5847,13,13
5848,7,7
5849,1,1
5850,31,31
5851,8,8
5852,18,18
5853,27,27
5854,11,11
5855,14,14
5856,16,16
5857,27,27
5858,21,21
5859,13,13
5860,14,14
5861,18,18
5862,22,22
5863,7,7
5864,2,2
5865,8,8
5866,2,2
5867,8,8
5868,33,33
5869,12,12
5870,34,34
5871,16,16
5872,8,8
5873,12,12
5874,31,31
5875,28,28
5876,26,26
5877,5,5
5878,16,16
5879,24,24
5880,17,17
5881,33,33
5882,6,6
5883,28,28
5884,23,23
5885,4,4
5886,1,1
5887,18,18
5888,5,5
5889,6,6
5890,15,15
5891,29,29
5892,20,20
5893,29,29
5894,5,5
5895,25,25
5896,17,17
5897,4,4
5898,4,4
5899,10,10
5900,29,29
5901,20,20
5902,23,23
5903,22,22
5904,9,9
5905,23,23
5906,8,8
5907,10,10
5908,22,22
5909,5,5
5910,13,13
5911,31,31
5912,17,17
5913,24,24
5914,13,13
5915,15,15
5916,27,27
5917,25,25
5918,6,6
5919,1,1
5920,28,28
5921,32,32
5922,17,17
5923,8,8
5924,12,12
5925,14,14
5926,15,15
5927,26,26
5928,29,29
5929,14,14
5930,13,13
5931,9,9
5932,11,11
5933,13,13
5934,30,30
5935,20,20
5936,27,27
5937,25,25
5938,24,24
5939,12,12
5940,34,34
5941,0,0
5942,5,5
5943,19,19
5944,20,20
5945,16,16
5946,11,11
5947,16,16
5948,25,25
5949,33,33
5950,24,24
5951,4,4
5952,8,8
5953,28,28
5954,31,31
5955,2,2
5956,0,0
5957,24,24
5958,30,30
5959,16,16
5960,2,2
5961,7,7
5962,23,23
5963,11,11
5964,34,34
5965,21,21
5966,4,4
5967,33,33
5968,31,31
5969,3,3
5970,4,4
5971,13,13
5972,16,16
5973,4,4
5974,21,21
5975,6,6
5976,31,31
5977,0,0
5978,30,30
5979,16,16
5980,24,24
5981,15,15
5982,25,25
5983,26,26
5984,14,14
5985,32,32
5986,34,34
5987,5,5
5988,3,3
5989,3,3
5990,15,15
5991,22,22
5992,7,7
5993,26,26
5994,15,15
5995,0,0
5996,7,7
5997,12,12
5998,19,19
5999,25,25
6000,34,34
6001,17,17
6002,17,17
6003,29,29
6004,24,24
6005,17,17
6006,3,3
6007,12,12
6008,10,10
6009,2,2
6010,34,34
6011,25,25
6012,12,12
6013,3,3
6014,33,33
6015,24,24
6016,11,11
6017,33,33
6018,1,1
6019,26,26
6020,24,24
6021,16,16
6022,6,6
6023,15,15
6024,11,11
6025,28,28
6026,26,26
6027,34,34
6028,31,31
6029,12,12
6030,15,15
6031,5,5
6032,4,4
6033,3,3
6034,23,23
6035,0,0
6036,24,24
6037,16,16
6038,13,13
6039,3,3
6040,27,27
6041,32,32
6042,9,9
6043,13,13
6044,2,2
6045,24,24
6046,25,25
6047,24,24
6048,31,31
6049,2,2
6050,33,33
6051,26,26
6052,10,10
6053,4,4
6054,13,13
6055,22,22
6056,3,3
6057,30,30
6058,32,32
6059,20,20
6060,18,18
6061,31,31
6062,6,6
6063,5,5
6064,23,23
6065,15,15
6066,12,12
6067,30,30
6068,23,23
6069,25,25
6070,8,8
6071,4,4
6072,2,2
6073,7,7
6074,2,2
6075,2,2
6076,0,0
6077,9,9
6078,7,7
6079,29,29
6080,15,15
6081,24,24
6082,16,16
6083,19,19
6084,29,29
6085,22,22
6086,24,24
6087,18,18
6088,29,29
6089,18,18
6090,34,34
6091,21,21
6092,21,21
6093,5,5
6094,9,9
6095,21,21
6096,13,13
6097,13,13
6098,28,28
6099,19,19
6100,19,19
6101,27,27
6102,0,0
6103,6,6
6104,5,5
6105,7,7
6106,32,32
6107,20,20
6108,11,11
6109,8,8
6110,26,26
6111,29,29
6112,11,11
6113,24,24
6114,4,4
6115,10,10
6116,9,9
6117,17,17
6118,14,14
6119,9,9
6120,17,17
6121,29,29
6122,11,11
6123,11,11
6124,23,23
6125,7,7
6126,4,4
6127,18,18
6128,26,26
6129,20,20
6130,31,31
6131,30,30
6132,7,7
6133,32,32
6134,31,31
6135,7,7
6136,23,23
6137,23,23
6138,20,20
6139,27,27
6140,0,0
6141,30,30
6142,23,23
6143,23,23
6144,28,28
6145,29,29
6146,8,8
6147,12,12
6148,9,9
6149,19,19
6150,28,28
6151,5,5
6152,2,2
6153,0,0
6154,22,22
6155,22,22
6156,12,12
6157,27,27
6158,18,18
6159,7,7
6160,32,32
6161,27,27
6162,20,20
6163,18,18
6164,23,23
6165,34,34
6166,22,22
6167,31,31
6168,32,32
6169,27,27
6170,31,31
6171,27,27
6172,30,30
6173,31,31
6174,7,7
6175,33,33
6176,23,23
6177,12,12
6178,11,11
6179,5,5
6180,30,30
6181,6,6
6182,34,34
6183,1,1
6184,15,15
6185,1,1
6186,11,11
6187,15,15
6188,26,26
6189,11,11
6190,5,5
6191,5,5
6192,24,24
6193,0,0
6194,19,19
6195,19,19
6196,9,9
6197,26,26
6198,16,16
6199,8,8
6200,4,4
6201,34,34
6202,19,19
6203,5,5
6204,29,29
6205,30,30
6206,32,32
6207,9,9
6208,34,34
6209,20,20
6210,29,29
6211,21,21
6212,31,31
6213,19,19
6214,20,20
6215,26,26
6216,23,23
6217,8,8
6218,31,31
6219,26,26
6220,21,21
6221,22,22
6222,0,0
6223,28,28
6224,32,32
6225,9,9
6226,22,22
6227,5,5
6228,31,31
6229,18,18
6230,31,31
6231,11,11
6232,15,15
6233,24,24
6234,34,34
6235,5,5
6236,32,32
6237,1,1
6238,30,30
6239,4,4
6240,2,2
6241,14,14
6242,0,0
6243,17,17
6244,18,18
6245,34,34
6246,30,30
6247,12,12
6248,14,14
6249,1,1
6250,5,5
6251,6,6
6252,7,7
6253,34,34
6254,9,9
6255,16,16
6256,19,19
6257,25,25
6258,6,6
6259,30,30
6260,16,16
6261,16,16
6262,20,20
6263,5,5
6264,26,26
6265,17,17
6266,19,19
6267,2,2
6268,23,23
6269,18,18
6270,14,14
6271,16,16
6272,29,29
6273,32,32
6274,10,10
6275,29,29
6276,4,4
6277,25,25
6278,4,4
6279,28,28
6280,0,0
6281,19,19
6282,31,31
6283,28,28
6284,22,22
6285,5,5
6286,17,17
6287,26,26
6288,1,1
6289,34,34
6290,13,13
6291,4,4
6292,10,10
6293,20,20
6294,31,31
6295,26,26
6296,10,10
6297,28,28
6298,17,17
6299,27,27
6300,30,30
6301,29,29
6302,27,27
6303,2,2
6304,1,1
6305,28,28
6306,3,3
6307,0,0
6308,26,26
6309,13,13
6310,15,15
6311,1,1
6312,1,1
6313,10,10
6314,30,30
6315,11,11
6316,20,20
6317,16,16
6318,26,26
6319,12,12
6320,23,23
6321,16,16
6322,9,9
6323,23,23
6324,17,17
6325,17,17
6326,29,29
6327,20,20
6328,11,11
6329,27,27
6330,17,17
6331,17,17
6332,17,17
6333,22,22
6334,9,9
6335,30,30
6336,12,12
6337,23,23
6338,7,7
6339,9,9
6340,13,13
6341,26,26
6342,19,19
6343,25,25
6344,31,31
6345,5,5
6346,3,3
6347,21,21
6348,22,22
6349,19,19
6350,30,30
6351,27,27
6352,29,29
6353,27,27
6354,4,4
6355,33,33
6356,20,20
6357,19,19
6358,6,6
6359,12,12
6360,13,13
6361,19,19
6362,19,19
6363,16,16
6364,6,6
6365,32,32
6366,10,10
6367,34,34
6368,21,21
6369,0,0
6370,34,34
6371,34,34
6372,1,1
6373,31,31
6374,17,17
6375,0,0
6376,5,5
6377,28,28
6378,19,19
6379,1,1
6380,15,15
6381,15,15
6382,32,32
6383,28,28
6384,15,15
6385,1,1
6386,11,11
6387,12,12
6388,22,22
6389,18,18
6390,18,18
6391,27,27
6392,33,33
6393,3,3
6394,32,32
6395,14,14
6396,31,31
6397,0,0
6398,11,11
6399,21,21
6400,12,12
6401,19,19
6402,5,5
6403,7,7
6404,22,22
6405,30,30
6406,30,30
6407,3,3
6408,0,0
6409,14,14
6410,7,7
6411,21,21
6412,32,32
6413,3,3
6414,19,19
6415,25,25
6416,13,13
6417,18,18
6418,24,24
6419,1,1
6420,0,0
6421,14,14
6422,16,16
6423,1,1
6424,33,33
6425,28,28
6426,33,33
6427,20,20
6428,15,15
6429,31,31
6430,3,3
6431,5,5
6432,8,8
6433,25,25
6434,10,10
6435,25,25
6436,26,26
6437,5,5
6438,11,11
6439,12,12
6440,9,9
6441,27,27
6442,12,12
6443,33,33
6444,26,26
6445,27,27
6446,18,18
6447,5,5
6448,9,9
6449,7,7
6450,27,27
6451,10,10
6452,15,15
6453,23,23
6454,23,23
6455,28,28
6456,30,30
6457,12,12
6458,13,13
6459,4,4
6460,11,11
6461,19,19
6462,30,30
6463,13,13
6464,6,6
6465,29,29
6466,32,32
6467,2,2
6468,10,10
6469,30,30
6470,23,23
6471,27,27
6472,6,6
6473,28,28
6474,1,1
6475,34,34
6476,29,29
6477,12,12
6478,2,2
6479,34,34
6480,10,10
6481,8,8
6482,23,23
6483,32,32
6484,19,19
6485,26,26
6486,22,22
6487,34,34
6488,5,5
6489,30,30
6490,13,13
6491,0,0
6492,17,17
6493,6,6
6494,14,14
6495,12,12
6496,13,13
6497,15,15
6498,20,20
6499,29,29
6500,30,30
6501,28,28
6502,3,3
6503,8,8
6504,33,33
6505,24,24
6506,27,27
6507,21,21
6508,28,28
6509,5,5
6510,27,27
6511,33,33
6512,22,22
6513,11,11
6514,33,33
6515,2,2
6516,18,18
6517,20,20
6518,10,10
6519,5,5
6520,17,17
6521,20,20
6522,22,22
6523,16,16
6524,34,34
6525,3,3
6526,3,3
6527,19,19
6528,8,8
6529,21,21
6530,19,19
6531,16,16
6532,20,20
6533,25,25
6534,7,7
6535,11,11
6536,14,14
6537,19,19
6538,12,12
6539,33,33
6540,19,19
6541,15,15
6542,11,11
6543,9,9
6544,18,18
6545,31,31
6546,2,2
6547,28,28
6548,12,12
6549,9,9
6550,4,4
6551,25,25
6552,18,18
6553,30,30
6554,30,30
6555,21,21
6556,31,31
6557,0,0
6558,24,24
6559,20,20
6560,27,27
6561,22,22
6562,19,19
6563,20,20
6564,8,8
6565,15,15
6566,30,30
6567,5,5
6568,11,11
6569,11,11
6570,21,21
6571,23,23
6572,2,1
6573,26,26
6574,7,7
6575,29,29
6576,33,33
6577,5,5
6578,4,4
6579,20,20
6580,9,9
6581,0,0
6582,23,23
6583,19,19
6584,15,15
6585,11,11
6586,18,18
6587,32,32
6588,5,5
6589,12,12
6590,8,8
6591,15,15
6592,3,3
6593,34,34
6594,1,1
6595,24,24
6596,9,9
6597,6,6
6598,2,2
6599,17,17
6600,7,7
6601,25,25
6602,13,13
6603,19,19
6604,28,28
6605,22,22
6606,28,28
6607,3,3
6608,4,4
6609,25,25
6610,10,10
6611,2,2
6612,1,1
6613,20,20
6614,22,22
6615,11,11
6616,15,15
6617,7,7
6618,22,22
6619,19,19
6620,3,3
6621,21,21
6622,7,7
6623,11,11
6624,16,16
6625,5,5
6626,15,15
6627,2,2
6628,11,11
6629,1,1
6630,29,29
6631,12,12
6632,33,33
6633,28,28
6634,7,7
6635,29,29
6636,13,13
6637,21,21
6638,31,31
6639,25,25
6640,3,3
6641,9,9
6642,29,29
6643,26,26
6644,22,22
6645,7,7
6646,29,29
6647,33,33
6648,26,26
6649,0,0
6650,12,12
6651,2,2
6652,5,5
6653,32,32
6654,32,32
6655,22,22
6656,27,27
6657,14,14
6658,7,7
6659,32,32
6660,30,30
6661,16,16
6662,24,24
6663,24,24
6664,11,11
6665,9,9
6666,3,3
6667,5,5
6668,9,9
6669,31,31
6670,16,16
6671,31,31
6672,1,1
6673,25,25
6674,15,15
6675,21,21
6676,0,0
6677,6,6
6678,32,32
6679,10,10
6680,13,13
6681,33,33
6682,30,30
6683,23,23
6684,26,26
6685,5,5
6686,28,28
6687,10,10
6688,11,11
6689,10,10
6690,13,13
6691,23,23
6692,33,33
6693,2,2
6694,26,26
6695,12,12
6696,18,18
6697,6,6
6698,7,7
6699,19,19
6700,11,11
6701,15,15
6702,1,1
6703,23,23
6704,8,8
6705,0,0
6706,4,4
6707,11,11
6708,11,11
6709,24,24
6710,26,26
6711,4,4
6712,30,30
6713,7,7
6714,17,17
6715,8,8
6716,29,29
6717,9,9
6718,32,32
6719,9,9
6720,18,18
6721,23,23
6722,15,15
6723,8,8
6724,22,22
6725,30,30
6726,30,30
6727,12,12
6728,20,20
6729,0,0
6730,27,27
6731,17,17
6732,20,20
6733,11,11
6734,22,22
6735,28,28
6736,1,1
6737,30,30
6738,10,10
6739,17,17
6740,5,5
6741,30,30
6742,28,28
6743,17,17
6744,12,12
6745,12,12
6746,26,26
6747,27,27
6748,5,5
6749,12,12
6750,33,33
6751,20,20
6752,7,7
6753,3,3
6754,29,29
6755,25,25
6756,8,8
6757,3,3
6758,22,22
6759,11,11
6760,16,16
6761,17,17
6762,34,34
6763,30,30
6764,7,7
6765,25,25
6766,13,13
6767,8,8
6768,13,13
6769,14,14
6770,1,1
6771,11,11
6772,22,22
6773,33,33
6774,25,25
6775,34,34
6776,25,25
6777,10,10
6778,20,20
6779,21,21
6780,8,8
6781,17,17
6782,22,22
6783,17,17
6784,21,21
6785,18,18
6786,9,9
6787,3,3
6788,27,27
6789,16,16
6790,27,27
6791,0,0
6792,5,5
6793,14,14
6794,2,2
6795,6,6
6796,8,8
6797,23,23
6798,0,0
6799,7,7
6800,10,10
6801,31,31
6802,7,7
6803,19,19
6804,22,22
6805,21,21
6806,15,15
6807,14,14
6808,27,27
6809,10,10
6810,31,31
6811,34,34
6812,11,11
6813,29,29
6814,33,33
6815,19,19
6816,25,25
6817,2,2
6818,7,7
6819,0,0
6820,6,6
6821,29,29
6822,30,30
6823,8,8
6824,15,15
6825,7,7
6826,25,25
6827,33,33
6828,6,6
6829,18,18
6830,17,17
6831,4,4
6832,8,8
6833,6,6
6834,31,31
6835,31,31
6836,8,8
6837,18,18
6838,33,33
6839,17,17
6840,9,9
6841,17,17
6842,24,24
6843,21,21
6844,15,15
6845,25,25
6846,4,4
6847,18,18
6848,12,12
6849,4,4
6850,23,23
6851,0,0
6852,14,14
6853,3,3
6854,2,2
6855,32,32
6856,20,20
6857,15,15
6858,25,25
6859,5,5
6860,30,30
6861,31,31
6862,15,15
6863,22,22
6864,7,7
6865,24,24
6866,0,0
6867,4,4
6868,17,17
6869,17,17
6870,29,29
6871,33,33
6872,30,30
6873,16,16
6874,17,17
6875,21,21
6876,14,14
6877,22,22
6878,26,26
6879,18,18
6880,34,34
6881,24,24
6882,21,21
6883,34,34
6884,21,21
6885,30,30
6886,22,22
6887,14,14
6888,32,32
6889,1,1
6890,6,6
6891,22,22
6892,15,15
6893,32,32
6894,2,2
6895,7,7
6896,25,25
6897,29,29
6898,26,26
6899,26,26
6900,6,6
6901,22,22
6902,27,27
6903,23,23
6904,0,0
6905,17,17
6906,17,17
6907,24,24
6908,15,15
6909,17,17
6910,14,14
6911,18,18
6912,12,12
6913,10,10
6914,15,15
6915,27,27
6916,26,26
6917,7,7
6918,13,13
6919,24,24
6920,19,19
6921,13,13
6922,2,2
6923,2,2
6924,24,24
6925,2,2
6926,0,0
6927,8,8
6928,3,3
6929,19,19
6930,20,20
6931,1,1
6932,25,25
6933,4,4
6934,28,28
6935,6,6
6936,7,7
6937,8,8
6938,8,8
6939,16,16
6940,33,33
6941,12,12
6942,10,10
6943,29,29
6944,14,14
6945,15,15
6946,12,12
6947,13,13
6948,0,0
6949,20,20
6950,21,21
6951,31,31
6952,11,11
6953,28,28
6954,12,12
6955,16,16
6956,28,28
6957,13,13
6958,25,25
6959,6,6
6960,19,19
6961,9,9
6962,14,14
6963,26,26
6964,1,1
6965,8,8
6966,0,0
6967,6,6
6968,34,34
6969,22,22
6970,11,11
6971,7,7
6972,28,28
6973,7,7
6974,28,28
6975,17,17
6976,24,24
6977,10,10
6978,21,21
6979,28,28
6980,15,15
6981,11,11
6982,26,26
6983,24,24
6984,8,8
6985,3,3
6986,12,12
6987,32,32
6988,18,18
6989,31,31
6990,28,28
6991,5,5
6992,4,4
6993,7,7
6994,16,16
6995,22,22
6996,21,21
6997,26,26
6998,16,16
6999,1,1
7000,6,6
7001,34,34
7002,21,21
7003,1,1
7004,21,21
7005,6,6
7006,13,13
7007,0,0
7008,0,0
7009,18,18
7010,14,14
7011,15,15
7012,8,8
7013,30,30
7014,17,17
7015,16,16
7016,33,33
7017,7,7
7018,20,20
7019,13,13
7020,26,26
7021,22,22
7022,11,11
7023,3,3
7024,5,5
7025,24,24
7026,34,34
7027,28,28
7028,34,34
7029,5,5
7030,8,8
7031,0,0
7032,31,31
7033,4,4
7034,29,29
7035,0,0
7036,32,32
7037,13,13
7038,1,1
7039,2,2
7040,8,8
7041,18,18
7042,17,17
7043,17,17
7044,22,22
7045,5,5
7046,10,10
7047,32,32
7048,19,19
7049,8,8
7050,5,5
7051,28,28
7052,13,13
7053,3,3
7054,7,7
7055,14,14
7056,10,10
7057,6,6
7058,30,30
7059,17,17
7060,17,17
7061,34,34
7062,23,23
7063,4,4
7064,0,0
7065,33,33
7066,27,27
7067,31,31
7068,14,14
7069,4,4
7070,13,13
7071,26,26
7072,21,21
7073,18,18
7074,32,32
7075,12,12
7076,4,4
7077,11,11
7078,4,4
7079,30,30
7080,27,27
7081,30,30
7082,11,11
7083,10,10
7084,7,7
7085,7,7
7086,6,6
7087,22,22
7088,22,22
7089,18,18
7090,21,21
7091,32,32
7092,10,10
7093,22,22
7094,22,22
7095,13,13
7096,32,32
7097,16,16
7098,27,27
7099,13,13
7100,14,14
7101,6,6
7102,23,23
7103,24,24
7104,33,33
7105,24,24
7106,5,5
7107,9,9
7108,23,23
7109,17,17
7110,31,31
7111,29,29
7112,27,27
7113,18,18
7114,30,30
7115,21,21
7116,14,14
7117,7,7
7118,3,3
7119,3,3
7120,2,2
7121,31,31
7122,32,32
7123,14,14
7124,0,0
7125,5,5
7126,34,34
7127,9,9
7128,28,28
7129,8,8
7130,29,23
7131,18,18
7132,5,5
7133,9,9
7134,24,24
7135,33,33
7136,6,6
7137,26,26
7138,5,5
7139,5,5
7140,26,26
7141,32,32
7142,31,31
7143,9,9
7144,8,8
7145,29,29
7146,33,33
7147,0,0
7148,19,19
7149,10,10
7150,27,27
7151,24,24
7152,31,31
7153,9,9
7154,12,12
7155,26,26
7156,0,0
7157,27,27
7158,9,9
7159,15,15
7160,18,18
7161,1,1
7162,4,4
7163,14,14
7164,32,32
7165,32,32
7166,3,3
7167,24,24
7168,31,31
7169,16,16
7170,18,18
7171,33,33
7172,16,16
7173,9,9
7174,4,4
7175,14,14
7176,26,26
7177,12,12
7178,5,5
7179,26,26
7180,17,17
7181,0,0
7182,13,13
7183,29,29
7184,15,15
7185,16,16
7186,14,14
7187,0,0
7188,19,19
7189,28,28
7190,17,17
7191,5,5
7192,15,15
7193,9,9
7194,14,14
7195,3,3
7196,1,1
7197,18,18
7198,12,12
7199,3,3
7200,9,9
7201,9,9
7202,7,7
7203,27,27
7204,31,31
7205,25,25
7206,25,25
7207,27,27
7208,13,13
7209,33,33
7210,2,2
7211,16,16
7212,11,11
7213,23,23
7214,23,23
7215,32,32
7216,34,34
7217,19,19
7218,27,27
7219,13,13
7220,6,6
7221,2,2
7222,34,34
7223,18,18
7224,25,25
7225,15,15
7226,8,8
7227,27,27
7228,16,16
7229,13,13
7230,28,28
7231,8,8
7232,13,13
7233,22,22
7234,27,27
7235,0,0
7236,13,13
7237,4,4
7238,25,25
7239,25,25
7240,23,23
7241,31,31
7242,21,21
7243,30,30
7244,18,18
7245,12,12
7246,14,14
7247,12,12
7248,17,17
7249,32,32
7250,14,14
7251,14,14
7252,29,29
7253,18,18
7254,22,22
7255,7,7
7256,25,25
7257,30,30
7258,24,24
7259,9,9
7260,18,18
7261,32,32
7262,28,28
7263,17,17
7264,1,1
7265,30,30
7266,1,1
7267,34,34
7268,4,4
7269,5,5
7270,22,22
7271,6,6
7272,32,32
7273,15,15
7274,17,17
7275,9,9
7276,5,5
7277,18,18
7278,12,12
7279,1,1
7280,5,5
7281,28,28
7282,17,17
7283,24,24
7284,10,10
7285,15,15
7286,10,10
7287,8,8
7288,18,18
7289,6,6
7290,3,3
7291,6,6
7292,10,10
7293,16,16
7294,16,16
7295,16,16
7296,12,12
7297,24,24
7298,13,13
7299,2,2
7300,34,34
7301,14,14
7302,20,20
7303,3,3
7304,25,25
7305,27,27
7306,11,11
7307,32,32
7308,23,23
7309,26,26
7310,2,2
7311,32,32
7312,2,2
7313,3,3
7314,29,29
7315,0,0
7316,17,17
7317,4,4
7318,15,15
7319,5,5
7320,21,21
7321,5,5
7322,2,2
7323,23,23
7324,27,27
7325,26,26
7326,2,2
7327,32,32
7328,32,32
7329,11,11
7330,9,9
7331,2,2
7332,18,18
7333,14,14
7334,16,16
7335,28,28
7336,11,11
7337,24,24
7338,9,9
7339,17,17
7340,16,16
7341,4,4
7342,34,34
7343,12,12
7344,19,19
7345,31,31
7346,12,12
7347,32,32
7348,5,5
7349,30,30
7350,5,5
7351,15,15
7352,1,1
7353,16,16
7354,10,10
7355,15,15
7356,4,4
7357,6,6
7358,3,3
7359,7,7
7360,26,26
7361,11,11
7362,18,18
7363,18,18
7364,26,26
7365,28,28
7366,14,14
7367,8,8
7368,1,1
7369,27,27
7370,4,4
7371,28,28
7372,4,4
7373,14,14
7374,8,8
7375,5,5
7376,8,8
7377,10,10
7378,22,22
7379,22,22
7380,30,30
7381,3,3
7382,0,0
7383,10,10
7384,11,11
7385,8,8
7386,25,25
7387,2,2
7388,27,27
7389,34,34
7390,15,15
7391,1,1
7392,25,25
7393,30,30
7394,9,9
7395,8,8
7396,2,2
7397,27,27
7398,25,25
7399,32,32
7400,8,8
7401,0,0
7402,25,25
7403,15,15
7404,24,24
7405,8,8
7406,15,15
7407,24,24
7408,16,16
7409,13,13
7410,23,23
7411,21,21
7412,27,27
7413,1,1
7414,1,1
7415,6,6
7416,23,23
7417,24,24
7418,32,32
7419,1,1
7420,18,18
7421,30,30
7422,29,29
7423,33,33
7424,23,23
7425,24,24
7426,23,23
7427,10,10
7428,24,24
7429,21,21
7430,7,7
7431,20,20
7432,20,20
7433,8,8
7434,14,14
7435,32,32
7436,13,13
7437,26,26
7438,24,24
7439,5,5
7440,10,10
7441,30,30
7442,10,10
7443,29,29
7444,10,10
7445,18,18
7446,15,15
7447,12,12
7448,6,6
7449,15,15
7450,4,4
7451,9,9
7452,29,29
7453,17,17
7454,17,17
7455,18,18
7456,31,31
7457,34,34
7458,18,18
7459,5,5
7460,10,10
7461,5,5
7462,33,33
7463,6,6
7464,2,2
7465,16,16
7466,28,28
7467,20,20
7468,15,15
7469,17,17
7470,3,3
7471,25,25
7472,6,6
7473,30,30
7474,26,26
7475,23,23
7476,30,30
7477,34,34
7478,3,3
7479,4,4
7480,10,10
7481,32,32
7482,15,15
7483,9,9
7484,6,6
7485,26,26
7486,4,4
7487,4,4
7488,15,15
7489,0,0
7490,27,27
7491,15,15
7492,23,23
7493,2,2
7494,33,33
7495,10,10
7496,1,1
7497,25,25
7498,21,21
7499,8,8
7500,3,3
7501,7,7
7502,0,0
7503,28,28
7504,22,22
7505,21,21
7506,8,8
7507,9,9
7508,31,31
7509,29,29
7510,22,22
7511,19,19
7512,12,12
7513,20,20
7514,21,21
7515,6,6
7516,33,33
7517,27,27
7518,15,15
7519,15,15
7520,20,20
7521,17,17
7522,9,9
7523,29,29
7524,7,7
7525,5,5
7526,13,13
7527,15,15
7528,34,34
7529,19,19
7530,26,26
7531,21,21
7532,14,14
7533,4,4
7534,25,25
7535,30,30
7536,21,21
7537,34,34
7538,19,19
7539,27,27
7540,16,16
7541,32,32
7542,10,10
7543,22,22
7544,20,20
7545,7,7
7546,1,1
7547,25,25
7548,26,26
7549,21,21
7550,31,31
7551,31,31
7552,30,30
7553,22,22
7554,6,6
7555,29,29
7556,14,14
7557,29,29
7558,34,34
7559,29,29
7560,31,31
7561,8,8
7562,15,15
7563,8,8
7564,12,12
7565,8,8
7566,29,29
7567,28,28
7568,19,19
7569,33,33
7570,0,0
7571,22,22
7572,11,11
7573,5,5
7574,11,11
7575,32,32
7576,22,22
7577,2,2
7578,7,7
7579,18,18
7580,4,4
7581,8,8
7582,22,22
7583,15,15
7584,6,6
7585,14,14
7586,9,9
7587,31,31
7588,12,12
7589,33,33
7590,9,9
7591,25,25
7592,1,1
7593,3,3
7594,3,3
7595,7,7
7596,10,10
7597,1,1
7598,5,5
7599,26,26
7600,32,32
7601,2,2
7602,23,23
7603,2,2
7604,7,7
7605,3,3
7606,30,30
7607,13,13
7608,16,16
7609,1,1
7610,18,18
7611,20,20
7612,10,10
7613,6,6
7614,6,6
7615,1,1
7616,21,21
7617,24,24
7618,1,1
7619,22,22
7620,34,34
7621,6,6
7622,25,25
7623,6,6
7624,12,12
7625,32,32
7626,17,17
7627,1,1
7628,21,21
7629,28,28
7630,1,1
7631,8,8
7632,10,10
7633,13,13
7634,27,27
7635,28,28
7636,24,24
7637,10,10
7638,12,12
7639,33,33
7640,4,4
7641,29,29
7642,15,15
7643,16,16
7644,30,30
7645,32,32
7646,8,8
7647,27,27
7648,32,32
7649,24,24
7650,7,7
7651,27,27
7652,20,20
7653,21,21
7654,7,7
7655,27,27
7656,11,11
7657,25,25
7658,16,16
7659,1,1
7660,34,34
7661,2,2
7662,1,1
7663,10,10
7664,24,24
7665,23,23
7666,3,3
7667,13,13
7668,12,12
7669,2,2
7670,23,23
7671,20,20
7672,6,6
7673,2,2
7674,0,0
7675,7,7
7676,34,34
7677,2,2
7678,9,9
7679,13,13
7680,22,22
7681,9,9
7682,2,2
7683,20,20
7684,30,30
7685,33,33
7686,28,28
7687,12,12
7688,5,5
7689,25,25
7690,2,2
7691,14,14
7692,24,24
7693,1,1
7694,8,8
7695,25,25
7696,2,2
7697,32,32
7698,13,13
7699,5,5
7700,15,15
7701,19,19
7702,18,18
7703,0,0
7704,34,34
7705,14,14
7706,14,14
7707,2,2
7708,14,14
7709,34,34
7710,10,10
7711,24,24
7712,8,8
7713,25,25
7714,31,31
7715,4,4
7716,10,10
7717,12,12
7718,32,32
7719,1,1
7720,10,10
7721,24,24
7722,21,21
7723,9,9
7724,16,16
7725,21,21
7726,30,30
7727,29,29
7728,13,13
7729,25,25
7730,32,32
7731,33,33
7732,24,24
7733,10,10
7734,14,14
7735,21,21
7736,23,23
7737,24,24
7738,13,13
7739,28,28
7740,20,20
7741,13,13
7742,3,3
7743,9,9
7744,24,24
7745,24,24
7746,20,20
7747,25,25
7748,17,17
7749,25,25
7750,24,24
7751,0,0
7752,10,10
7753,33,33
7754,6,6
7755,33,33
7756,1,1
7757,12,12
7758,33,33
7759,32,32
7760,31,31
7761,21,21
7762,1,1
7763,27,27
7764,5,5
7765,26,26
7766,22,22
7767,24,24
7768,17,17
7769,23,23
7770,0,0
7771,15,15
7772,26,26
7773,21,21
7774,21,21
7775,7,7
7776,30,30
7777,6,6
7778,3,3
7779,21,21
7780,16,16
7781,6,6
7782,0,0
7783,22,22
7784,28,28
7785,19,19
7786,0,0
7787,16,16
7788,1,1
7789,19,19
7790,3,3
7791,0,0
7792,25,25
7793,2,2
7794,0,0
7795,1,1
7796,18,18
7797,31,31
7798,3,3
7799,3,3
7800,13,13
7801,11,11
7802,20,20
7803,20,20
7804,8,8
7805,1,1
7806,9,9
7807,4,4
7808,25,25
7809,11,11
7810,24,24
7811,21,21
7812,21,21
7813,12,12
7814,17,17
7815,14,14
7816,16,16
7817,20,20
7818,0,0
7819,22,22
7820,19,19
7821,28,28
7822,16,16
7823,18,18
7824,21,21
7825,33,33
7826,33,33
7827,25,25
7828,16,16
7829,2,2
7830,28,28
7831,3,3
7832,5,5
7833,10,10
7834,16,16
7835,21,21
7836,12,12
7837,29,29
7838,3,3
7839,29,29
7840,14,14
7841,23,23
7842,2,2
7843,25,25
7844,34,34
7845,3,3
7846,11,11
7847,10,10
7848,27,27
7849,4,4
7850,22,22
7851,15,15
7852,29,29
7853,21,21
7854,28,28
7855,7,7
7856,8,8
7857,27,27
7858,28,28
7859,30,30
7860,25,25
7861,26,26
7862,31,31
7863,13,13
7864,22,22
7865,4,4
7866,11,11
7867,26,26
7868,27,27
7869,27,27
7870,4,4
7871,3,3
7872,4,4
7873,22,22
7874,10,10
7875,17,17
7876,6,6
7877,23,23
7878,22,22
7879,0,0
7880,31,31
7881,15,15
7882,19,19
7883,20,20
7884,19,19
7885,17,17
7886,24,24
7887,11,11
7888,4,4
7889,7,7
7890,22,22
7891,23,23
7892,8,8
7893,18,18
7894,29,29
7895,2,2
7896,31,31
7897,30,30
7898,20,20
7899,24,24
7900,12,12
7901,18,18
7902,12,12
7903,4,4
7904,10,10
7905,30,30
7906,32,32
7907,30,30
7908,30,30
7909,11,11
7910,10,10
7911,12,12
7912,24,24
7913,31,31
7914,20,20
7915,32,32
7916,8,8
7917,31,31
7918,24,24
7919,3,3
7920,10,10
7921,8,8
7922,32,32
7923,24,24
7924,30,30
7925,3,3
7926,11,11
7927,16,16
7928,11,11
7929,12,12
7930,21,21
7931,8,8
7932,7,7
7933,34,34
7934,4,4
7935,5,5
7936,10,10
7937,19,19
7938,4,4
7939,17,17
7940,1,1
7941,30,30
7942,12,12
7943,7,7
7944,25,25
7945,18,18
7946,19,19
7947,23,23
7948,33,33
7949,26,26
7950,16,16
7951,11,11
7952,11,11
7953,0,0
7954,8,8
7955,15,15
7956,24,24
7957,25,25
7958,22,22
7959,18,18
7960,14,14
7961,33,33
7962,15,15
7963,23,23
7964,18,18
7965,2,2
7966,4,4
7967,4,4
7968,6,6
7969,31,31
7970,25,25
7971,1,1
7972,17,17
7973,9,9
7974,19,19
7975,20,20
7976,11,11
7977,6,6
7978,4,4
7979,25,25
7980,24,24
7981,12,12
7982,29,29
7983,24,24
7984,7,7
7985,22,22
7986,32,32
7987,28,28
7988,4,4
7989,6,6
7990,18,18
7991,15,15
7992,30,30
7993,24,24
7994,21,21
7995,16,16
7996,19,19
7997,1,1
7998,23,23
7999,1,1
8000,15,15
8001,18,18
8002,16,16
8003,8,8
8004,2,2
8005,21,21
8006,22,22
8007,1,1
8008,27,27
8009,17,17
8010,18,18
8011,8,8
8012,33,33
8013,9,9
8014,2,2
8015,31,31
8016,11,11
8017,32,32
8018,9,9
8019,33,33
8020,28,28
8021,32,32
8022,6,6
8023,12,12
8024,19,19
8025,26,26
8026,18,18
8027,32,32
8028,22,22
8029,28,28
8030,13,13
8031,13,13
8032,15,15
8033,1,1
8034,1,1
8035,10,10
8036,10,10
8037,21,21
8038,30,30
8039,24,24
8040,28,28
8041,6,6
8042,11,11
8043,21,21
8044,6,6
8045,17,17
8046,28,28
8047,12,12
8048,5,5
8049,18,18
8050,31,31
8051,20,20
8052,13,13
8053,7,7
8054,31,31
8055,15,15
8056,22,22
8057,19,19
8058,5,5
8059,15,15
8060,17,17
8061,18,18
8062,0,0
8063,14,14
8064,26,26
8065,28,28
8066,31,31
8067,20,20
8068,24,24
8069,16,16
8070,3,3
8071,34,34
8072,27,27
8073,32,32
8074,34,34
8075,11,11
8076,31,31
8077,30,30
8078,1,1
8079,0,0
8080,7,7
8081,4,4
8082,4,4
8083,0,0
8084,28,28
8085,14,14
8086,5,5
8087,19,19
8088,18,18
8089,17,17
8090,21,21
8091,32,32
8092,11,11
8093,23,23
8094,8,8
8095,2,2
8096,24,24
8097,29,29
8098,14,14
8099,23,23
8100,22,22
8101,18,18
8102,33,33
8103,23,23
8104,13,13
8105,18,18
8106,26,26
8107,4,4
8108,15,15
8109,28,28
8110,30,30
8111,19,19
8112,14,14
8113,9,9
8114,9,9
8115,30,30
8116,23,23
8117,7,7
8118,12,12
8119,20,20
8120,14,14
8121,27,27
8122,14,14
8123,34,34
8124,17,17
8125,24,24
8126,1,1
8127,14,14
8128,29,29
8129,20,20
8130,7,7
8131,32,32
8132,25,25
8133,27,27
8134,32,32
8135,0,0
8136,10,10
8137,0,0
8138,3,3
8139,34,34
8140,25,25
8141,21,21
8142,9,9
8143,1,1
8144,6,6
8145,34,34
8146,1,1
8147,10,10
8148,31,31
8149,29,29
8150,19,19
8151,23,23
8152,0,0
8153,4,4
8154,19,19
8155,14,14
8156,9,9
8157,0,0
8158,25,25
8159,19,19
8160,3,3
8161,10,10
8162,14,14
8163,7,7
8164,32,32
8165,10,10
8166,0,0
8167,9,9
8168,12,12
8169,15,15
8170,2,2
8171,26,26
8172,18,18
8173,8,8
8174,13,13
8175,26,26
8176,13,13
8177,6,6
8178,17,17
8179,5,5
8180,0,0
8181,0,0
8182,26,26
8183,0,0
8184,9,9
8185,30,30
8186,21,21
8187,22,22
8188,16,16
8189,17,17
8190,16,16
8191,29,29
8192,25,25
8193,25,25
8194,18,18
8195,10,10
8196,20,20
8197,29,29
8198,12,12
8199,28,28
8200,8,8
8201,0,0
8202,4,4
8203,27,27
8204,17,17
8205,28,28
8206,28,28
8207,7,7
8208,15,15
8209,32,32
8210,1,1
8211,1,1
8212,3,3
8213,28,28
8214,19,19
8215,3,3
8216,19,19
8217,12,12
8218,2,2
8219,33,33
8220,18,18
8221,9,9
8222,32,32
8223,2,2
8224,31,31
8225,25,25
8226,27,27
8227,20,20
8228,21,21
8229,26,26
8230,17,17
8231,23,23
8232,18,18
8233,28,28
8234,1,1
8235,7,7
8236,28,28
8237,18,18
8238,27,27
8239,4,4
8240,20,20
8241,4,4
8242,2,2
8243,32,32
8244,5,5
8245,21,21
8246,18,18
8247,19,19
8248,2,2
8249,29,29
8250,7,7
8251,11,11
8252,17,17
8253,5,5
8254,14,14
8255,26,26
8256,16,16
8257,27,27
8258,8,8
8259,6,6
8260,25,25
8261,12,12
8262,14,14
8263,2,2
8264,27,27
8265,19,19
8266,11,11
8267,3,3
8268,5,5
8269,33,33
8270,26,26
8271,24,24
8272,34,34
8273,34,34
8274,26,26
8275,0,0
8276,10,10
8277,16,16
8278,10,10
8279,4,4
8280,23,23
8281,19,19
8282,19,19
8283,33,33
8284,11,11
8285,17,17
8286,26,26
8287,0,0
8288,19,19
8289,26,26
8290,9,9
8291,32,32
8292,16,16
8293,17,17
8294,21,21
8295,31,31
8296,33,33
8297,13,13
8298,11,11
8299,7,7
8300,11,11
8301,7,7
8302,5,5
8303,12,12
8304,26,26
8305,21,21
8306,22,22
8307,30,30
8308,17,17
8309,2,2
8310,20,20
8311,11,11
8312,23,23
8313,33,33
8314,7,7
8315,20,20
8316,13,13
8317,20,20
8318,28,28
8319,0,0
8320,13,13
8321,30,30
8322,23,23
8323,8,8
8324,23,23
8325,31,31
8326,16,16
8327,15,15
8328,17,17
8329,34,34
8330,7,7
8331,11,11
8332,26,26
8333,10,10
8334,22,22
8335,33,33
8336,13,13
8337,30,30
8338,22,22
8339,22,22
8340,6,6
8341,14,14
8342,28,28
8343,20,20
8344,19,19
8345,10,10
8346,9,9
8347,9,9
8348,19,19
8349,10,10
8350,16,16
8351,10,10
8352,31,31
8353,22,22
8354,32,32
8355,28,28
8356,16,16
8357,23,23
8358,19,19
8359,19,19
8360,14,14
8361,27,27
8362,32,32
8363,25,25
8364,28,28
8365,18,18
8366,28,28
8367,25,25
8368,34,34
8369,34,34
8370,7,7
8371,22,22
8372,4,4
8373,11,11
8374,16,16
8375,0,0
8376,31,31
8377,16,16
8378,2,2
8379,34,34
8380,29,29
8381,28,28
8382,34,34
8383,13,13
8384,3,3
8385,32,32
8386,1,1
8387,7,7
8388,21,21
8389,7,7
8390,10,10
8391,0,0
8392,2,2
8393,29,29
8394,25,25
8395,16,16
8396,9,9
8397,21,21
8398,10,10
8399,20,20
8400,0,0
